protein_variant,chromosome,position,nearest_gwas_locus,distance_to_locus_bp,within_500kb
F1413V,chr7,117665559,none_on_same_chromosome,,False
F1413I,chr7,117665559,none_on_same_chromosome,,False
Q1411H,chr7,117665555,none_on_same_chromosome,,False
Q1411H,chr7,117665555,none_on_same_chromosome,,False
E1409K,chr7,117665547,none_on_same_chromosome,,False
L1414W,chr7,117665563,none_on_same_chromosome,,False
R1386S,chr7,117665480,none_on_same_chromosome,,False
R1386S,chr7,117665480,none_on_same_chromosome,,False
Q1412P,chr7,117665557,none_on_same_chromosome,,False
P960H,chr7,117603753,none_on_same_chromosome,,False
V1397L,chr7,117665511,none_on_same_chromosome,,False
V1397L,chr7,117665511,none_on_same_chromosome,,False
L927V,chr7,117603653,none_on_same_chromosome,,False
L927I,chr7,117603653,none_on_same_chromosome,,False
H950P,chr7,117603723,none_on_same_chromosome,,False
M961I,chr7,117603757,none_on_same_chromosome,,False
E1409V,chr7,117665548,none_on_same_chromosome,,False
H954P,chr7,117603735,none_on_same_chromosome,,False
M961T,chr7,117603756,none_on_same_chromosome,,False
T940P,chr7,117603692,none_on_same_chromosome,,False
L964R,chr7,117603765,none_on_same_chromosome,,False
L948F,chr7,117603718,none_on_same_chromosome,,False
L964H,chr7,117603765,none_on_same_chromosome,,False
L948F,chr7,117603718,none_on_same_chromosome,,False
R1385T,chr7,117665476,none_on_same_chromosome,,False
R1385I,chr7,117665476,none_on_same_chromosome,,False
V905L,chr7,117603587,none_on_same_chromosome,,False
V905L,chr7,117603587,none_on_same_chromosome,,False
N965K,chr7,117603769,none_on_same_chromosome,,False
N965K,chr7,117603769,none_on_same_chromosome,,False
L218S,chr7,117535321,none_on_same_chromosome,,False
L218W,chr7,117535321,none_on_same_chromosome,,False
S955F,chr7,117603738,none_on_same_chromosome,,False
L130V,chr7,117531013,none_on_same_chromosome,,False
L130I,chr7,117531013,none_on_same_chromosome,,False
L1324V,chr7,117664694,none_on_same_chromosome,,False
L1324F,chr7,117664694,none_on_same_chromosome,,False
I1427S,chr7,117666945,none_on_same_chromosome,,False
L1346V,chr7,117664760,none_on_same_chromosome,,False
L1346I,chr7,117664760,none_on_same_chromosome,,False
I1427T,chr7,117666945,none_on_same_chromosome,,False
K946I,chr7,117603711,none_on_same_chromosome,,False
V956A,chr7,117603741,none_on_same_chromosome,,False
K968T,chr7,117603777,none_on_same_chromosome,,False
R1325S,chr7,117664699,none_on_same_chromosome,,False
R1325S,chr7,117664699,none_on_same_chromosome,,False
K593I,chr7,117591945,none_on_same_chromosome,,False
F191Y,chr7,117534358,none_on_same_chromosome,,False
S158T,chr7,117531098,none_on_same_chromosome,,False
H939D,chr7,117603689,none_on_same_chromosome,,False
T940I,chr7,117603693,none_on_same_chromosome,,False
M961I,chr7,117603757,none_on_same_chromosome,,False
T910I,chr7,117603603,none_on_same_chromosome,,False
M961I,chr7,117603757,none_on_same_chromosome,,False
V944L,chr7,117603704,none_on_same_chromosome,,False
V944L,chr7,117603704,none_on_same_chromosome,,False
M1407I,chr7,117665543,none_on_same_chromosome,,False
Y1032S,chr7,117610625,none_on_same_chromosome,,False
I1328T,chr7,117664707,none_on_same_chromosome,,False
H949Y,chr7,117603719,none_on_same_chromosome,,False
S10I,chr7,117480123,none_on_same_chromosome,,False
L211V,chr7,117535299,none_on_same_chromosome,,False
L211I,chr7,117535299,none_on_same_chromosome,,False
V1322A,chr7,117664689,none_on_same_chromosome,,False
L1368M,chr7,117664826,none_on_same_chromosome,,False
A1374V,chr7,117664845,none_on_same_chromosome,,False
A1374G,chr7,117664845,none_on_same_chromosome,,False
I1366L,chr7,117664820,none_on_same_chromosome,,False
S1362R,chr7,117664808,none_on_same_chromosome,,False
K1363M,chr7,117664812,none_on_same_chromosome,,False
D1336V,chr7,117664731,none_on_same_chromosome,,False
K1363T,chr7,117664812,none_on_same_chromosome,,False
F1437C,chr7,117666975,none_on_same_chromosome,,False
I907S,chr7,117603594,none_on_same_chromosome,,False
A141V,chr7,117531047,none_on_same_chromosome,,False
I907N,chr7,117603594,none_on_same_chromosome,,False
I907T,chr7,117603594,none_on_same_chromosome,,False
G144C,chr7,117531055,none_on_same_chromosome,,False
E1417V,chr7,117666915,none_on_same_chromosome,,False
E1417A,chr7,117666915,none_on_same_chromosome,,False
V938M,chr7,117603686,none_on_same_chromosome,,False
V938L,chr7,117603686,none_on_same_chromosome,,False
H139Y,chr7,117531040,none_on_same_chromosome,,False
H139N,chr7,117531040,none_on_same_chromosome,,False
V938L,chr7,117603686,none_on_same_chromosome,,False
M929I,chr7,117603661,none_on_same_chromosome,,False
M929I,chr7,117603661,none_on_same_chromosome,,False
V591F,chr7,117591938,none_on_same_chromosome,,False
V1415A,chr7,117666909,none_on_same_chromosome,,False
V1415G,chr7,117666909,none_on_same_chromosome,,False
M929I,chr7,117603661,none_on_same_chromosome,,False
F533C,chr7,117587752,none_on_same_chromosome,,False
I154L,chr7,117531085,none_on_same_chromosome,,False
I154L,chr7,117531085,none_on_same_chromosome,,False
F626I,chr7,117592043,none_on_same_chromosome,,False
A1018G,chr7,117610583,none_on_same_chromosome,,False
V905G,chr7,117603588,none_on_same_chromosome,,False
K26I,chr7,117504276,none_on_same_chromosome,,False
K26T,chr7,117504276,none_on_same_chromosome,,False
Q634H,chr7,117592069,none_on_same_chromosome,,False
Q634H,chr7,117592069,none_on_same_chromosome,,False
L145V,chr7,117531058,none_on_same_chromosome,,False
H146R,chr7,117531062,none_on_same_chromosome,,False
L1356F,chr7,117664792,none_on_same_chromosome,,False
L1356F,chr7,117664792,none_on_same_chromosome,,False
W1310L,chr7,117652897,none_on_same_chromosome,,False
W1310S,chr7,117652897,none_on_same_chromosome,,False
F1337I,chr7,117664733,none_on_same_chromosome,,False
F1337V,chr7,117664733,none_on_same_chromosome,,False
S1442R,chr7,117666991,none_on_same_chromosome,,False
S1442R,chr7,117666991,none_on_same_chromosome,,False
L619V,chr7,117592022,none_on_same_chromosome,,False
L1059F,chr7,117611618,none_on_same_chromosome,,False
F1331Y,chr7,117664716,none_on_same_chromosome,,False
L1059F,chr7,117611618,none_on_same_chromosome,,False
F992Y,chr7,117606740,none_on_same_chromosome,,False
Y563F,chr7,117590361,none_on_same_chromosome,,False
F931S,chr7,117603666,none_on_same_chromosome,,False
I336L,chr7,117540236,none_on_same_chromosome,,False
A1357T,chr7,117664793,none_on_same_chromosome,,False
K532N,chr7,117587750,none_on_same_chromosome,,False
I336L,chr7,117540236,none_on_same_chromosome,,False
R3S,chr7,117480103,none_on_same_chromosome,,False
N1148H,chr7,117614687,none_on_same_chromosome,,False
N1148Y,chr7,117614687,none_on_same_chromosome,,False
R1102T,chr7,117611746,none_on_same_chromosome,,False
R1102I,chr7,117611746,none_on_same_chromosome,,False
R3S,chr7,117480103,none_on_same_chromosome,,False
F81V,chr7,117509110,none_on_same_chromosome,,False
K946N,chr7,117603712,none_on_same_chromosome,,False
K946N,chr7,117603712,none_on_same_chromosome,,False
Q1330P,chr7,117664713,none_on_same_chromosome,,False
L165V,chr7,117534279,none_on_same_chromosome,,False
Y913H,chr7,117603611,none_on_same_chromosome,,False
Y913N,chr7,117603611,none_on_same_chromosome,,False
H139P,chr7,117531041,none_on_same_chromosome,,False
I906T,chr7,117603591,none_on_same_chromosome,,False
L165I,chr7,117534279,none_on_same_chromosome,,False
Y913D,chr7,117603611,none_on_same_chromosome,,False
H139L,chr7,117531041,none_on_same_chromosome,,False
I906N,chr7,117603591,none_on_same_chromosome,,False
Q1042H,chr7,117610656,none_on_same_chromosome,,False
Q1042H,chr7,117610656,none_on_same_chromosome,,False
V1345L,chr7,117664757,none_on_same_chromosome,,False
Q1382P,chr7,117665467,none_on_same_chromosome,,False
N187T,chr7,117534346,none_on_same_chromosome,,False
T1036A,chr7,117610636,none_on_same_chromosome,,False
E1172Q,chr7,117627567,none_on_same_chromosome,,False
L1361F,chr7,117664805,none_on_same_chromosome,,False
E1172K,chr7,117627567,none_on_same_chromosome,,False
L6P,chr7,117480111,none_on_same_chromosome,,False
M244I,chr7,117535400,none_on_same_chromosome,,False
M244I,chr7,117535400,none_on_same_chromosome,,False
M244I,chr7,117535400,none_on_same_chromosome,,False
T1036S,chr7,117610636,none_on_same_chromosome,,False
V1022L,chr7,117610594,none_on_same_chromosome,,False
V1022L,chr7,117610594,none_on_same_chromosome,,False
S1049N,chr7,117611587,none_on_same_chromosome,,False
S1049I,chr7,117611587,none_on_same_chromosome,,False
V1022M,chr7,117610594,none_on_same_chromosome,,False
I1230T,chr7,117627742,none_on_same_chromosome,,False
I1230S,chr7,117627742,none_on_same_chromosome,,False
V440F,chr7,117548749,none_on_same_chromosome,,False
V440L,chr7,117548749,none_on_same_chromosome,,False
H939Q,chr7,117603691,none_on_same_chromosome,,False
H939Q,chr7,117603691,none_on_same_chromosome,,False
L602F,chr7,117591973,none_on_same_chromosome,,False
F319L,chr7,117540187,none_on_same_chromosome,,False
F319L,chr7,117540187,none_on_same_chromosome,,False
L602F,chr7,117591973,none_on_same_chromosome,,False
L1369I,chr7,117664829,none_on_same_chromosome,,False
S1347G,chr7,117664763,none_on_same_chromosome,,False
S1347C,chr7,117664763,none_on_same_chromosome,,False
T1057K,chr7,117611611,none_on_same_chromosome,,False
T1057R,chr7,117611611,none_on_same_chromosome,,False
F932Y,chr7,117603669,none_on_same_chromosome,,False
L1034V,chr7,117610630,none_on_same_chromosome,,False
V1360G,chr7,117664803,none_on_same_chromosome,,False
L180F,chr7,117534324,none_on_same_chromosome,,False
V1360A,chr7,117664803,none_on_same_chromosome,,False
L138Q,chr7,117531038,none_on_same_chromosome,,False
R3M,chr7,117480102,none_on_same_chromosome,,False
K1165N,chr7,117627548,none_on_same_chromosome,,False
K1165N,chr7,117627548,none_on_same_chromosome,,False
G1343S,chr7,117664751,none_on_same_chromosome,,False
S459Y,chr7,117548807,none_on_same_chromosome,,False
I121S,chr7,117530987,none_on_same_chromosome,,False
I121N,chr7,117530987,none_on_same_chromosome,,False
L184V,chr7,117534336,none_on_same_chromosome,,False
L184F,chr7,117534336,none_on_same_chromosome,,False
T1122K,chr7,117611806,none_on_same_chromosome,,False
T164N,chr7,117534277,none_on_same_chromosome,,False
M773I,chr7,117592486,none_on_same_chromosome,,False
F630V,chr7,117592055,none_on_same_chromosome,,False
L1029F,chr7,117610617,none_on_same_chromosome,,False
L1029F,chr7,117610617,none_on_same_chromosome,,False
F630I,chr7,117592055,none_on_same_chromosome,,False
T164S,chr7,117534277,none_on_same_chromosome,,False
M773I,chr7,117592486,none_on_same_chromosome,,False
P1050T,chr7,117611589,none_on_same_chromosome,,False
P1050A,chr7,117611589,none_on_same_chromosome,,False
M773I,chr7,117592486,none_on_same_chromosome,,False
L327R,chr7,117540210,none_on_same_chromosome,,False
L327Q,chr7,117540210,none_on_same_chromosome,,False
D1312G,chr7,117652903,none_on_same_chromosome,,False
D1312A,chr7,117652903,none_on_same_chromosome,,False
G213V,chr7,117535306,none_on_same_chromosome,,False
D1312V,chr7,117652903,none_on_same_chromosome,,False
P140Q,chr7,117531044,none_on_same_chromosome,,False
P140L,chr7,117531044,none_on_same_chromosome,,False
P140R,chr7,117531044,none_on_same_chromosome,,False
K483N,chr7,117559520,none_on_same_chromosome,,False
Q1012H,chr7,117610566,none_on_same_chromosome,,False
Q1012H,chr7,117610566,none_on_same_chromosome,,False
V1153L,chr7,117614702,none_on_same_chromosome,,False
V1153L,chr7,117614702,none_on_same_chromosome,,False
Y1014H,chr7,117610570,none_on_same_chromosome,,False
Y1014D,chr7,117610570,none_on_same_chromosome,,False
T1053I,chr7,117611599,none_on_same_chromosome,,False
L1261R,chr7,117642502,none_on_same_chromosome,,False
S1362R,chr7,117664810,none_on_same_chromosome,,False
I1366M,chr7,117664822,none_on_same_chromosome,,False
Q525H,chr7,117559646,none_on_same_chromosome,,False
Q525H,chr7,117559646,none_on_same_chromosome,,False
I106M,chr7,117530943,none_on_same_chromosome,,False
S1362R,chr7,117664810,none_on_same_chromosome,,False
D806Y,chr7,117592583,none_on_same_chromosome,,False
D806H,chr7,117592583,none_on_same_chromosome,,False
E193D,chr7,117534365,none_on_same_chromosome,,False
Y1219H,chr7,117627708,none_on_same_chromosome,,False
V1327L,chr7,117664703,none_on_same_chromosome,,False
Y1219N,chr7,117627708,none_on_same_chromosome,,False
E193D,chr7,117534365,none_on_same_chromosome,,False
V1327L,chr7,117664703,none_on_same_chromosome,,False
R3W,chr7,117480101,none_on_same_chromosome,,False
S1155N,chr7,117614709,none_on_same_chromosome,,False
K1284I,chr7,117642571,none_on_same_chromosome,,False
F81Y,chr7,117509111,none_on_same_chromosome,,False
I105L,chr7,117530938,none_on_same_chromosome,,False
G1342V,chr7,117664749,none_on_same_chromosome,,False
D1312Y,chr7,117652902,none_on_same_chromosome,,False
H1375Q,chr7,117664849,none_on_same_chromosome,,False
H1375Q,chr7,117664849,none_on_same_chromosome,,False
L1043Q,chr7,117610658,none_on_same_chromosome,,False
K370T,chr7,117540339,none_on_same_chromosome,,False
L1043R,chr7,117610658,none_on_same_chromosome,,False
M156I,chr7,117531093,none_on_same_chromosome,,False
M156I,chr7,117531093,none_on_same_chromosome,,False
M156I,chr7,117531093,none_on_same_chromosome,,False
E384V,chr7,117542050,none_on_same_chromosome,,False
C225W,chr7,117535343,none_on_same_chromosome,,False
L987V,chr7,117606724,none_on_same_chromosome,,False
L987M,chr7,117606724,none_on_same_chromosome,,False
E1046D,chr7,117610668,none_on_same_chromosome,,False
R59G,chr7,117509044,none_on_same_chromosome,,False
G1125R,chr7,117614618,none_on_same_chromosome,,False
G1125R,chr7,117614618,none_on_same_chromosome,,False
R657I,chr7,117592137,none_on_same_chromosome,,False
Y122H,chr7,117530989,none_on_same_chromosome,,False
I154T,chr7,117531086,none_on_same_chromosome,,False
T1019I,chr7,117610586,none_on_same_chromosome,,False
E543V,chr7,117587782,none_on_same_chromosome,,False
R657T,chr7,117592137,none_on_same_chromosome,,False
T599A,chr7,117591962,none_on_same_chromosome,,False
L619F,chr7,117592024,none_on_same_chromosome,,False
N268S,chr7,117536607,none_on_same_chromosome,,False
T599S,chr7,117591962,none_on_same_chromosome,,False
Y625S,chr7,117592041,none_on_same_chromosome,,False
F312Y,chr7,117540165,none_on_same_chromosome,,False
Y301D,chr7,117540131,none_on_same_chromosome,,False
V1345A,chr7,117664758,none_on_same_chromosome,,False
V1345G,chr7,117664758,none_on_same_chromosome,,False
Q353E,chr7,117540287,none_on_same_chromosome,,False
F316C,chr7,117540177,none_on_same_chromosome,,False
A613T,chr7,117592004,none_on_same_chromosome,,False
R104K,chr7,117530936,none_on_same_chromosome,,False
H147D,chr7,117531064,none_on_same_chromosome,,False
L197S,chr7,117535258,none_on_same_chromosome,,False
T774I,chr7,117592488,none_on_same_chromosome,,False
T845I,chr7,117594973,none_on_same_chromosome,,False
S466A,chr7,117559467,none_on_same_chromosome,,False
P5A,chr7,117480107,none_on_same_chromosome,,False
T925A,chr7,117603647,none_on_same_chromosome,,False
L88V,chr7,117509131,none_on_same_chromosome,,False
R170S,chr7,117534294,none_on_same_chromosome,,False
N1195I,chr7,117627637,none_on_same_chromosome,,False
N1195T,chr7,117627637,none_on_same_chromosome,,False
K1218N,chr7,117627707,none_on_same_chromosome,,False
K1218N,chr7,117627707,none_on_same_chromosome,,False
D58N,chr7,117509041,none_on_same_chromosome,,False
Y913C,chr7,117603612,none_on_same_chromosome,,False
E632V,chr7,117592062,none_on_same_chromosome,,False
Y913S,chr7,117603612,none_on_same_chromosome,,False
M1169R,chr7,117627559,none_on_same_chromosome,,False
M1169K,chr7,117627559,none_on_same_chromosome,,False
M1169T,chr7,117627559,none_on_same_chromosome,,False
S13C,chr7,117480132,none_on_same_chromosome,,False
A559G,chr7,117587830,none_on_same_chromosome,,False
E1046G,chr7,117610667,none_on_same_chromosome,,False
L859S,chr7,117595015,none_on_same_chromosome,,False
S459P,chr7,117548806,none_on_same_chromosome,,False
D529N,chr7,117587739,none_on_same_chromosome,,False
A120T,chr7,117530983,none_on_same_chromosome,,False
S1456R,chr7,117667033,none_on_same_chromosome,,False
G1333V,chr7,117664722,none_on_same_chromosome,,False
R553G,chr7,117587811,none_on_same_chromosome,,False
S1456R,chr7,117667033,none_on_same_chromosome,,False
R1070Q,chr7,117611650,none_on_same_chromosome,,False
F430L,chr7,117548721,none_on_same_chromosome,,False
F430L,chr7,117548721,none_on_same_chromosome,,False
Y625N,chr7,117592040,none_on_same_chromosome,,False
T460N,chr7,117548810,none_on_same_chromosome,,False
R516K,chr7,117559618,none_on_same_chromosome,,False
L633F,chr7,117592064,none_on_same_chromosome,,False
F229L,chr7,117535353,none_on_same_chromosome,,False
I119S,chr7,117530981,none_on_same_chromosome,,False
I119N,chr7,117530981,none_on_same_chromosome,,False
P1290S,chr7,117642588,none_on_same_chromosome,,False
N1195H,chr7,117627636,none_on_same_chromosome,,False
N1195Y,chr7,117627636,none_on_same_chromosome,,False
M1210I,chr7,117627683,none_on_same_chromosome,,False
M1210I,chr7,117627683,none_on_same_chromosome,,False
M1210I,chr7,117627683,none_on_same_chromosome,,False
P1290A,chr7,117642588,none_on_same_chromosome,,False
P1290T,chr7,117642588,none_on_same_chromosome,,False
A559S,chr7,117587829,none_on_same_chromosome,,False
A62D,chr7,117509054,none_on_same_chromosome,,False
Q151L,chr7,117531077,none_on_same_chromosome,,False
C866S,chr7,117595036,none_on_same_chromosome,,False
I148N,chr7,117531068,none_on_same_chromosome,,False
C866F,chr7,117595036,none_on_same_chromosome,,False
Y512D,chr7,117559605,none_on_same_chromosome,,False
D1341H,chr7,117664745,none_on_same_chromosome,,False
K64N,chr7,117509061,none_on_same_chromosome,,False
K64N,chr7,117509061,none_on_same_chromosome,,False
W361L,chr7,117540312,none_on_same_chromosome,,False
W361S,chr7,117540312,none_on_same_chromosome,,False
L441V,chr7,117548752,none_on_same_chromosome,,False
G934S,chr7,117603674,none_on_same_chromosome,,False
L441M,chr7,117548752,none_on_same_chromosome,,False
I869S,chr7,117595045,none_on_same_chromosome,,False
K166Q,chr7,117534282,none_on_same_chromosome,,False
I869T,chr7,117595045,none_on_same_chromosome,,False
M152T,chr7,117531080,none_on_same_chromosome,,False
W846S,chr7,117594976,none_on_same_chromosome,,False
S182N,chr7,117534331,none_on_same_chromosome,,False
V591A,chr7,117591939,none_on_same_chromosome,,False
W846L,chr7,117594976,none_on_same_chromosome,,False
I1132S,chr7,117614640,none_on_same_chromosome,,False
T1122P,chr7,117611805,none_on_same_chromosome,,False
I1132T,chr7,117614640,none_on_same_chromosome,,False
G1333W,chr7,117664721,none_on_same_chromosome,,False
D806A,chr7,117592584,none_on_same_chromosome,,False
D806V,chr7,117592584,none_on_same_chromosome,,False
D806G,chr7,117592584,none_on_same_chromosome,,False
L90S,chr7,117509138,none_on_same_chromosome,,False
Y89S,chr7,117509135,none_on_same_chromosome,,False
S1233P,chr7,117627750,none_on_same_chromosome,,False
E1172D,chr7,117627569,none_on_same_chromosome,,False
E1172D,chr7,117627569,none_on_same_chromosome,,False
K254N,chr7,117536566,none_on_same_chromosome,,False
I1226T,chr7,117627730,none_on_same_chromosome,,False
K254N,chr7,117536566,none_on_same_chromosome,,False
H1375R,chr7,117664848,none_on_same_chromosome,,False
P936S,chr7,117603680,none_on_same_chromosome,,False
P936T,chr7,117603680,none_on_same_chromosome,,False
A923G,chr7,117603642,none_on_same_chromosome,,False
M245I,chr7,117535403,none_on_same_chromosome,,False
F1033Y,chr7,117610628,none_on_same_chromosome,,False
Y1219C,chr7,117627709,none_on_same_chromosome,,False
F1296I,chr7,117652854,none_on_same_chromosome,,False
M245I,chr7,117535403,none_on_same_chromosome,,False
W1310G,chr7,117652896,none_on_same_chromosome,,False
A455G,chr7,117548795,none_on_same_chromosome,,False
M245I,chr7,117535403,none_on_same_chromosome,,False
F1296V,chr7,117652854,none_on_same_chromosome,,False
S10R,chr7,117480124,none_on_same_chromosome,,False
S10R,chr7,117480124,none_on_same_chromosome,,False
M394I,chr7,117542081,none_on_same_chromosome,,False
R1048K,chr7,117611584,none_on_same_chromosome,,False
D513N,chr7,117559608,none_on_same_chromosome,,False
A523T,chr7,117559638,none_on_same_chromosome,,False
S1442R,chr7,117666989,none_on_same_chromosome,,False
K1284N,chr7,117642572,none_on_same_chromosome,,False
K1284N,chr7,117642572,none_on_same_chromosome,,False
G1343A,chr7,117664752,none_on_same_chromosome,,False
F354V,chr7,117540290,none_on_same_chromosome,,False
I106V,chr7,117530941,none_on_same_chromosome,,False
G646R,chr7,117592103,none_on_same_chromosome,,False
G646R,chr7,117592103,none_on_same_chromosome,,False
S641R,chr7,117592088,none_on_same_chromosome,,False
Q634P,chr7,117592068,none_on_same_chromosome,,False
L230M,chr7,117535356,none_on_same_chromosome,,False
F354I,chr7,117540290,none_on_same_chromosome,,False
I824S,chr7,117592638,none_on_same_chromosome,,False
F315Y,chr7,117540174,none_on_same_chromosome,,False
L230V,chr7,117535356,none_on_same_chromosome,,False
I106L,chr7,117530941,none_on_same_chromosome,,False
F315C,chr7,117540174,none_on_same_chromosome,,False
I106L,chr7,117530941,none_on_same_chromosome,,False
F1296Y,chr7,117652855,none_on_same_chromosome,,False
Q2H,chr7,117480100,none_on_same_chromosome,,False
F409L,chr7,117548656,none_on_same_chromosome,,False
Q2H,chr7,117480100,none_on_same_chromosome,,False
K14N,chr7,117480136,none_on_same_chromosome,,False
K14N,chr7,117480136,none_on_same_chromosome,,False
I160F,chr7,117531103,none_on_same_chromosome,,False
L73F,chr7,117509086,none_on_same_chromosome,,False
Q1209P,chr7,117627679,none_on_same_chromosome,,False
R29S,chr7,117504286,none_on_same_chromosome,,False
R697T,chr7,117592257,none_on_same_chromosome,,False
R697M,chr7,117592257,none_on_same_chromosome,,False
V1327A,chr7,117664704,none_on_same_chromosome,,False
R29S,chr7,117504286,none_on_same_chromosome,,False
E1329V,chr7,117664710,none_on_same_chromosome,,False
I824T,chr7,117592638,none_on_same_chromosome,,False
M645I,chr7,117592102,none_on_same_chromosome,,False
V862L,chr7,117595023,none_on_same_chromosome,,False
K1302N,chr7,117652874,none_on_same_chromosome,,False
V862M,chr7,117595023,none_on_same_chromosome,,False
V862L,chr7,117595023,none_on_same_chromosome,,False
M645I,chr7,117592102,none_on_same_chromosome,,False
K1302N,chr7,117652874,none_on_same_chromosome,,False
F650S,chr7,117592116,none_on_same_chromosome,,False
L526I,chr7,117559647,none_on_same_chromosome,,False
L526V,chr7,117559647,none_on_same_chromosome,,False
F650C,chr7,117592116,none_on_same_chromosome,,False
F430L,chr7,117548719,none_on_same_chromosome,,False
V1318G,chr7,117652921,none_on_same_chromosome,,False
A96G,chr7,117530912,none_on_same_chromosome,,False
A96V,chr7,117530912,none_on_same_chromosome,,False
G544R,chr7,117587784,none_on_same_chromosome,,False
G544C,chr7,117587784,none_on_same_chromosome,,False
K710I,chr7,117592296,none_on_same_chromosome,,False
T262S,chr7,117536589,none_on_same_chromosome,,False
Q1071L,chr7,117611653,none_on_same_chromosome,,False
T262I,chr7,117536589,none_on_same_chromosome,,False
T94S,chr7,117530906,none_on_same_chromosome,,False
Q179L,chr7,117534322,none_on_same_chromosome,,False
T1299R,chr7,117652864,none_on_same_chromosome,,False
F16S,chr7,117480141,none_on_same_chromosome,,False
T1299K,chr7,117652864,none_on_same_chromosome,,False
M244T,chr7,117535399,none_on_same_chromosome,,False
A613V,chr7,117592005,none_on_same_chromosome,,False
A613G,chr7,117592005,none_on_same_chromosome,,False
G542R,chr7,117587778,none_on_same_chromosome,,False
G542R,chr7,117587778,none_on_same_chromosome,,False
V1056G,chr7,117611608,none_on_same_chromosome,,False
L333F,chr7,117540227,none_on_same_chromosome,,False
F405L,chr7,117548646,none_on_same_chromosome,,False
F405L,chr7,117548646,none_on_same_chromosome,,False
F311Y,chr7,117540162,none_on_same_chromosome,,False
I1295F,chr7,117652851,none_on_same_chromosome,,False
G1127V,chr7,117614625,none_on_same_chromosome,,False
K442I,chr7,117548756,none_on_same_chromosome,,False
L617F,chr7,117592018,none_on_same_chromosome,,False
L617F,chr7,117592018,none_on_same_chromosome,,False
G1127E,chr7,117614625,none_on_same_chromosome,,False
S308L,chr7,117540153,none_on_same_chromosome,,False
M1137V,chr7,117614654,none_on_same_chromosome,,False
M1137L,chr7,117614654,none_on_same_chromosome,,False
M1137L,chr7,117614654,none_on_same_chromosome,,False
F429L,chr7,117548718,none_on_same_chromosome,,False
F429L,chr7,117548718,none_on_same_chromosome,,False
L662Q,chr7,117592152,none_on_same_chromosome,,False
K612N,chr7,117592003,none_on_same_chromosome,,False
T629I,chr7,117592053,none_on_same_chromosome,,False
A72T,chr7,117509083,none_on_same_chromosome,,False
R1239M,chr7,117627769,none_on_same_chromosome,,False
A1364T,chr7,117664814,none_on_same_chromosome,,False
F693L,chr7,117592246,none_on_same_chromosome,,False
F693L,chr7,117592246,none_on_same_chromosome,,False
K1080E,chr7,117611679,none_on_same_chromosome,,False
T604S,chr7,117591978,none_on_same_chromosome,,False
W216S,chr7,117535315,none_on_same_chromosome,,False
C491G,chr7,117559542,none_on_same_chromosome,,False
T1053P,chr7,117611598,none_on_same_chromosome,,False
F409L,chr7,117548658,none_on_same_chromosome,,False
F409L,chr7,117548658,none_on_same_chromosome,,False
L997M,chr7,117610519,none_on_same_chromosome,,False
L997V,chr7,117610519,none_on_same_chromosome,,False
S1118T,chr7,117611793,none_on_same_chromosome,,False
L24F,chr7,117504271,none_on_same_chromosome,,False
L24F,chr7,117504271,none_on_same_chromosome,,False
G85A,chr7,117509123,none_on_same_chromosome,,False
K951I,chr7,117603726,none_on_same_chromosome,,False
T94A,chr7,117530905,none_on_same_chromosome,,False
T94S,chr7,117530905,none_on_same_chromosome,,False
E608V,chr7,117591990,none_on_same_chromosome,,False
Q1352L,chr7,117664779,none_on_same_chromosome,,False
S10R,chr7,117480122,none_on_same_chromosome,,False
K615I,chr7,117592011,none_on_same_chromosome,,False
D44A,chr7,117504330,none_on_same_chromosome,,False
E282D,chr7,117536650,none_on_same_chromosome,,False
R55G,chr7,117504362,none_on_same_chromosome,,False
S1276P,chr7,117642546,none_on_same_chromosome,,False
D44G,chr7,117504330,none_on_same_chromosome,,False
E282D,chr7,117536650,none_on_same_chromosome,,False
D44V,chr7,117504330,none_on_same_chromosome,,False
F78L,chr7,117509101,none_on_same_chromosome,,False
S1297F,chr7,117652858,none_on_same_chromosome,,False
Q1352E,chr7,117664778,none_on_same_chromosome,,False
G178V,chr7,117534319,none_on_same_chromosome,,False
L610F,chr7,117591997,none_on_same_chromosome,,False
L610F,chr7,117591997,none_on_same_chromosome,,False
N974T,chr7,117606686,none_on_same_chromosome,,False
S641R,chr7,117592090,none_on_same_chromosome,,False
C832R,chr7,117594933,none_on_same_chromosome,,False
S641R,chr7,117592090,none_on_same_chromosome,,False
L100R,chr7,117530924,none_on_same_chromosome,,False
V922A,chr7,117603639,none_on_same_chromosome,,False
N186D,chr7,117534342,none_on_same_chromosome,,False
M1157L,chr7,117627522,none_on_same_chromosome,,False
M1157L,chr7,117627522,none_on_same_chromosome,,False
N186Y,chr7,117534342,none_on_same_chromosome,,False
L88F,chr7,117509133,none_on_same_chromosome,,False
L88F,chr7,117509133,none_on_same_chromosome,,False
E7A,chr7,117480114,none_on_same_chromosome,,False
E7V,chr7,117480114,none_on_same_chromosome,,False
H1350Q,chr7,117664774,none_on_same_chromosome,,False
T1142I,chr7,117614670,none_on_same_chromosome,,False
H1350Q,chr7,117664774,none_on_same_chromosome,,False
G366R,chr7,117540326,none_on_same_chromosome,,False
D44H,chr7,117504329,none_on_same_chromosome,,False
S1248L,chr7,117642463,none_on_same_chromosome,,False
D44Y,chr7,117504329,none_on_same_chromosome,,False
E51Q,chr7,117504350,none_on_same_chromosome,,False
E51K,chr7,117504350,none_on_same_chromosome,,False
W846G,chr7,117594975,none_on_same_chromosome,,False
K536I,chr7,117587761,none_on_same_chromosome,,False
L986H,chr7,117606722,none_on_same_chromosome,,False
L986R,chr7,117606722,none_on_same_chromosome,,False
F78L,chr7,117509103,none_on_same_chromosome,,False
T908P,chr7,117603596,none_on_same_chromosome,,False
K522I,chr7,117559636,none_on_same_chromosome,,False
K65I,chr7,117509063,none_on_same_chromosome,,False
T398I,chr7,117542092,none_on_same_chromosome,,False
F78L,chr7,117509103,none_on_same_chromosome,,False
K857M,chr7,117595009,none_on_same_chromosome,,False
K503E,chr7,117559578,none_on_same_chromosome,,False
Y577D,chr7,117590402,none_on_same_chromosome,,False
Y84D,chr7,117509119,none_on_same_chromosome,,False
V862G,chr7,117595024,none_on_same_chromosome,,False
L1227F,chr7,117627734,none_on_same_chromosome,,False
L101V,chr7,117530926,none_on_same_chromosome,,False
T1478K,chr7,117667098,none_on_same_chromosome,,False
T1478R,chr7,117667098,none_on_same_chromosome,,False
V862A,chr7,117595024,none_on_same_chromosome,,False
V97A,chr7,117530915,none_on_same_chromosome,,False
L1227F,chr7,117627734,none_on_same_chromosome,,False
W882C,chr7,117602852,none_on_same_chromosome,,False
W882C,chr7,117602852,none_on_same_chromosome,,False
K606Q,chr7,117591983,none_on_same_chromosome,,False
D110N,chr7,117530953,none_on_same_chromosome,,False
C590G,chr7,117591935,none_on_same_chromosome,,False
M281T,chr7,117536646,none_on_same_chromosome,,False
M394I,chr7,117542081,none_on_same_chromosome,,False
M394I,chr7,117542081,none_on_same_chromosome,,False
L1258F,chr7,117642494,none_on_same_chromosome,,False
L172Q,chr7,117534301,none_on_same_chromosome,,False
M348L,chr7,117540272,none_on_same_chromosome,,False
A300V,chr7,117540129,none_on_same_chromosome,,False
L1258F,chr7,117642494,none_on_same_chromosome,,False
S108T,chr7,117530947,none_on_same_chromosome,,False
L172R,chr7,117534301,none_on_same_chromosome,,False
M348V,chr7,117540272,none_on_same_chromosome,,False
M348L,chr7,117540272,none_on_same_chromosome,,False
F1232I,chr7,117627747,none_on_same_chromosome,,False
L1243F,chr7,117642449,none_on_same_chromosome,,False
F1232V,chr7,117627747,none_on_same_chromosome,,False
L1243F,chr7,117642449,none_on_same_chromosome,,False
L594R,chr7,117591948,none_on_same_chromosome,,False
L594Q,chr7,117591948,none_on_same_chromosome,,False
V1293A,chr7,117652846,none_on_same_chromosome,,False
K1363N,chr7,117664813,none_on_same_chromosome,,False
W79C,chr7,117509106,none_on_same_chromosome,,False
G1237D,chr7,117627763,none_on_same_chromosome,,False
D651E,chr7,117592120,none_on_same_chromosome,,False
Y515D,chr7,117559614,none_on_same_chromosome,,False
C76S,chr7,117509095,none_on_same_chromosome,,False
D651E,chr7,117592120,none_on_same_chromosome,,False
K1363N,chr7,117664813,none_on_same_chromosome,,False
C76G,chr7,117509095,none_on_same_chromosome,,False
H620D,chr7,117592025,none_on_same_chromosome,,False
V1293G,chr7,117652846,none_on_same_chromosome,,False
M82K,chr7,117509114,none_on_same_chromosome,,False
M82R,chr7,117509114,none_on_same_chromosome,,False
A596D,chr7,117591954,none_on_same_chromosome,,False
S573Y,chr7,117590391,none_on_same_chromosome,,False
F1232Y,chr7,117627748,none_on_same_chromosome,,False
A72G,chr7,117509084,none_on_same_chromosome,,False
R75G,chr7,117509092,none_on_same_chromosome,,False
S168A,chr7,117534288,none_on_same_chromosome,,False
K273R,chr7,117536622,none_on_same_chromosome,,False
E588V,chr7,117590436,none_on_same_chromosome,,False
N1229I,chr7,117627739,none_on_same_chromosome,,False
S1347T,chr7,117664764,none_on_same_chromosome,,False
D614G,chr7,117592008,none_on_same_chromosome,,False
L1215F,chr7,117627696,none_on_same_chromosome,,False
K612N,chr7,117592003,none_on_same_chromosome,,False
E402V,chr7,117542104,none_on_same_chromosome,,False
S118C,chr7,117530978,none_on_same_chromosome,,False
K381N,chr7,117542042,none_on_same_chromosome,,False
A1136G,chr7,117614652,none_on_same_chromosome,,False
K381N,chr7,117542042,none_on_same_chromosome,,False
T164S,chr7,117534276,none_on_same_chromosome,,False
N974H,chr7,117606685,none_on_same_chromosome,,False
Q493P,chr7,117559549,none_on_same_chromosome,,False
I105M,chr7,117530940,none_on_same_chromosome,,False
H620Q,chr7,117592027,none_on_same_chromosome,,False
K564Q,chr7,117590363,none_on_same_chromosome,,False
E282V,chr7,117536649,none_on_same_chromosome,,False
R668S,chr7,117592169,none_on_same_chromosome,,False
R553L,chr7,117587812,none_on_same_chromosome,,False
R170L,chr7,117534295,none_on_same_chromosome,,False
M472T,chr7,117559486,none_on_same_chromosome,,False
D173G,chr7,117534304,none_on_same_chromosome,,False
L636P,chr7,117592074,none_on_same_chromosome,,False
P67T,chr7,117509068,none_on_same_chromosome,,False
S50T,chr7,117504347,none_on_same_chromosome,,False
C592R,chr7,117591941,none_on_same_chromosome,,False
C592S,chr7,117591941,none_on_same_chromosome,,False
A399V,chr7,117542095,none_on_same_chromosome,,False
A399G,chr7,117542095,none_on_same_chromosome,,False
V1240G,chr7,117642439,none_on_same_chromosome,,False
K1292N,chr7,117652844,none_on_same_chromosome,,False
G1125V,chr7,117614619,none_on_same_chromosome,,False
D1270N,chr7,117642528,none_on_same_chromosome,,False
F1337Y,chr7,117664734,none_on_same_chromosome,,False
A1364G,chr7,117664815,none_on_same_chromosome,,False
A9G,chr7,117480120,none_on_same_chromosome,,False
G461A,chr7,117548813,none_on_same_chromosome,,False
S431R,chr7,117548724,none_on_same_chromosome,,False
V93G,chr7,117530903,none_on_same_chromosome,,False
T599S,chr7,117591963,none_on_same_chromosome,,False
C866S,chr7,117595035,none_on_same_chromosome,,False
S431R,chr7,117548724,none_on_same_chromosome,,False
Y380D,chr7,117542037,none_on_same_chromosome,,False
M645I,chr7,117592102,none_on_same_chromosome,,False
L578I,chr7,117590405,none_on_same_chromosome,,False
I331F,chr7,117540221,none_on_same_chromosome,,False
K698M,chr7,117592260,none_on_same_chromosome,,False
K698T,chr7,117592260,none_on_same_chromosome,,False
V456L,chr7,117548797,none_on_same_chromosome,,False
S158G,chr7,117531097,none_on_same_chromosome,,False
F17Y,chr7,117480144,none_on_same_chromosome,,False
G542E,chr7,117587779,none_on_same_chromosome,,False
K377T,chr7,117542029,none_on_same_chromosome,,False
D1341V,chr7,117664746,none_on_same_chromosome,,False
V874G,chr7,117602827,none_on_same_chromosome,,False
I807T,chr7,117592587,none_on_same_chromosome,,False
P477S,chr7,117559500,none_on_same_chromosome,,False
I807R,chr7,117592587,none_on_same_chromosome,,False
V874M,chr7,117602826,none_on_same_chromosome,,False
L206S,chr7,117535285,none_on_same_chromosome,,False
N187Y,chr7,117534345,none_on_same_chromosome,,False
L375V,chr7,117542022,none_on_same_chromosome,,False
L293R,chr7,117540108,none_on_same_chromosome,,False
S341T,chr7,117540251,none_on_same_chromosome,,False
S341A,chr7,117540251,none_on_same_chromosome,,False
N187D,chr7,117534345,none_on_same_chromosome,,False
L293Q,chr7,117540108,none_on_same_chromosome,,False
C592Y,chr7,117591942,none_on_same_chromosome,,False
N597I,chr7,117591957,none_on_same_chromosome,,False
C592S,chr7,117591942,none_on_same_chromosome,,False
V181L,chr7,117534327,none_on_same_chromosome,,False
G1323A,chr7,117664692,none_on_same_chromosome,,False
G622A,chr7,117592032,none_on_same_chromosome,,False
A523V,chr7,117559639,none_on_same_chromosome,,False
A523G,chr7,117559639,none_on_same_chromosome,,False
K370E,chr7,117540338,none_on_same_chromosome,,False
P574A,chr7,117590393,none_on_same_chromosome,,False
S531P,chr7,117587745,none_on_same_chromosome,,False
R59I,chr7,117509045,none_on_same_chromosome,,False
R59T,chr7,117509045,none_on_same_chromosome,,False
K1365T,chr7,117664818,none_on_same_chromosome,,False
K190Q,chr7,117534354,none_on_same_chromosome,,False
S108C,chr7,117530948,none_on_same_chromosome,,False
T296A,chr7,117540116,none_on_same_chromosome,,False
T296S,chr7,117540116,none_on_same_chromosome,,False
I864N,chr7,117595030,none_on_same_chromosome,,False
F312I,chr7,117540164,none_on_same_chromosome,,False
Q290P,chr7,117536673,none_on_same_chromosome,,False
F312V,chr7,117540164,none_on_same_chromosome,,False
A462G,chr7,117548816,none_on_same_chromosome,,False
C76S,chr7,117509096,none_on_same_chromosome,,False
R668P,chr7,117592170,none_on_same_chromosome,,False
I506M,chr7,117559589,none_on_same_chromosome,,False
E1228V,chr7,117627736,none_on_same_chromosome,,False
M607T,chr7,117591987,none_on_same_chromosome,,False
V580D,chr7,117590412,none_on_same_chromosome,,False
K1292N,chr7,117652844,none_on_same_chromosome,,False
V93L,chr7,117530902,none_on_same_chromosome,,False
