variant,determination_2026,label,am_pathogenicity,cadd_phred,polyphen_score,sift_score_inv,included,exclusion_reason
Ser13Phe,CF-causing,1,0.7624,29.4,0.999,1.0,True,
Arg31Cys,Non CF-causing,0,0.1079,28.1,0.673,1.0,True,
Trp57Gly,CF-causing,1,0.956,26.0,0.131,1.0,True,
Pro67Leu,CF-causing,1,0.6516,26.7,0.999,1.0,True,
Arg75Gln,Non CF-causing,0,0.1994,29.7,0.993,1.0,True,
Gly85Glu,CF-causing,1,0.9881,28.5,0.974,1.0,True,
Gly91Arg,CF-causing,1,0.9474,32.0,0.941,1.0,True,
Gly91Arg,CF-causing,1,0.9474,32.0,0.941,1.0,True,
Glu92Lys,CF-causing,1,0.9443,33.0,0.998,1.0,True,
Gln98Arg,CF-causing,1,0.9376,26.7,0.999,1.0,True,
Tyr109Cys,CF-causing,1,0.7257,26.3,0.993,1.0,True,
Asp110His,CF-causing,1,0.6356,26.5,0.988,1.0,True,
Arg117Cys,CF-causing,1,0.6159,27.4,1.0,0.99,True,
Arg117Pro,CF-causing,1,0.9687,26.3,1.0,1.0,True,
His139Arg,CF-causing,1,0.903,24.5,0.741,0.99,True,
Ala141Asp,CF-causing,1,0.9608,24.5,0.858,1.0,True,
Ile148Thr,Non CF-causing,0,0.1225,24.0,0.385,1.0,True,
Gly149Arg,CF-causing,1,0.9869,33.0,1.0,1.0,True,
Gly149Arg,CF-causing,1,0.9869,33.0,1.0,1.0,True,
Arg170His,Non CF-causing,0,0.1611,33.0,0.96,1.0,True,
Gly178Arg,CF-causing,1,0.7577,32.0,0.997,1.0,True,
Gly178Arg,CF-causing,1,0.7577,32.0,0.997,1.0,True,
Glu193Lys,CF-causing,1,0.684,34.0,0.951,1.0,True,
His199Tyr,CF-causing,1,0.7924,26.6,0.999,1.0,True,
His199Gln,CF-causing,1,0.9222,23.8,1.0,1.0,True,
His199Gln,CF-causing,1,0.9222,23.8,1.0,1.0,True,
Pro205Ser,CF-causing,1,0.7814,25.8,1.0,1.0,True,
Leu206Trp,CF-causing,1,0.6236,28.3,0.999,1.0,True,
Arg297Gln,Non CF-causing,0,0.0677,21.8,0.131,0.89,True,
Phe311Leu,CF-causing,1,0.9751,24.1,0.868,1.0,True,
Phe311Leu,CF-causing,1,0.9751,24.1,0.868,1.0,True,
Phe311Leu,CF-causing,1,0.9751,24.1,0.868,1.0,True,
Gly314Arg,CF-causing,1,0.9875,29.3,0.991,1.0,True,
Gly314Arg,CF-causing,1,0.9875,29.3,0.991,1.0,True,
Arg334Trp,CF-causing,1,0.6563,26.0,1.0,1.0,True,
Ile336Lys,CF-causing,1,0.9829,24.5,0.999,1.0,True,
Thr338Ile,CF-causing,1,0.8347,24.8,0.998,1.0,True,
Leu346Pro,CF-causing,1,0.9915,28.0,1.0,1.0,True,
Arg347His,CF-causing,1,0.8454,32.0,0.999,1.0,True,
Arg347Pro,CF-causing,1,0.9925,29.3,0.999,1.0,True,
Arg352Gln,CF-causing,1,0.6256,31.0,0.995,1.0,True,
Ala455Glu,CF-causing,1,0.9484,26.1,0.966,1.0,True,
Val456Phe,CF-causing,1,0.5745,24.0,0.667,1.0,True,
Gly458Val,CF-causing,1,0.9608,30.0,1.0,1.0,True,
Val470Met,Non CF-causing,0,0.0489,13.72,0.001,0.0,True,
Gly480Cys,CF-causing,1,0.9265,29.2,1.0,1.0,True,
Ser492Phe,CF-causing,1,0.6378,34.0,0.952,1.0,True,
Ile506Val,Non CF-causing,0,0.1397,24.9,0.997,1.0,True,
Phe508Cys,Non CF-causing,0,0.8735,28.3,1.0,1.0,True,
Asp513Gly,CF-causing,1,0.8753,26.9,1.0,1.0,True,
Val520Phe,CF-causing,1,0.8789,24.1,0.949,1.0,True,
Ser549Arg,CF-causing,1,0.9948,27.1,1.0,1.0,True,
Ser549Arg,CF-causing,1,0.9948,27.1,1.0,1.0,True,
Ser549Arg,CF-causing,1,0.9948,27.1,1.0,1.0,True,
Ser549Asn,CF-causing,1,0.9503,27.7,0.998,1.0,True,
Ser549Ile,CF-causing,1,0.9661,29.3,1.0,1.0,True,
Gly551Ser,CF-causing,1,0.878,28.3,0.997,1.0,True,
Gly551Asp,CF-causing,1,0.9897,28.2,1.0,0.99,True,
Leu558Ser,CF-causing,1,0.9666,27.7,1.0,0.99,True,
Ala559Thr,CF-causing,1,0.9317,28.5,0.999,1.0,True,
Arg560Lys,CF-causing,1,0.7883,34.0,1.0,0.99,True,
Arg560Thr,CF-causing,1,0.9846,34.0,1.0,1.0,True,
Val562Ile,Non CF-causing,0,0.074,22.6,0.024,0.93,True,
Tyr563Asn,CF-causing,1,0.963,29.2,1.0,1.0,True,
Tyr569Asp,CF-causing,1,0.9964,33.0,1.0,1.0,True,
Tyr569Cys,CF-causing,1,0.7605,28.4,1.0,1.0,True,
Leu571Ser,CF-causing,1,0.9448,32.0,0.999,1.0,True,
Asp572Asn,CF-causing,1,0.9336,32.0,1.0,1.0,True,
Pro574His,CF-causing,1,0.982,27.3,1.0,1.0,True,
Gly576Ala,Non CF-causing,0,0.1868,24.8,0.522,0.78,True,
Ile601Phe,CF-causing,1,0.4904,24.9,0.901,1.0,True,
Leu610Ser,CF-causing,1,0.9553,27.9,1.0,1.0,True,
Ala613Thr,CF-causing,1,0.3927,29.6,0.997,1.0,True,
Ile618Thr,CF-causing,1,0.9243,25.6,0.979,1.0,True,
Leu619Ser,CF-causing,1,0.9715,26.7,1.0,1.0,True,
His620Pro,CF-causing,1,0.8136,27.0,1.0,1.0,True,
Gly628Arg,CF-causing,1,0.877,29.1,1.0,1.0,True,
Gly628Arg,CF-causing,1,0.877,29.1,1.0,1.0,True,
Leu633Pro,CF-causing,1,0.9786,27.5,1.0,1.0,True,
Arg668Cys,Non CF-causing,0,0.104,29.3,1.0,1.0,True,
Val754Met,Non CF-causing,0,0.0728,0.172,0.013,0.22,True,
Ile807Met,Non CF-causing,0,0.1612,21.8,0.977,1.0,True,
Tyr913Cys,CF-causing,1,0.3786,16.52,0.951,1.0,True,
Tyr917Cys,CF-causing,1,0.5828,26.6,0.996,1.0,True,
Met952Ile,Non CF-causing,0,0.8752,24.8,0.955,1.0,True,
Met952Ile,Non CF-causing,0,0.8752,24.8,0.955,1.0,True,
Met952Ile,Non CF-causing,0,0.8752,24.8,0.955,1.0,True,
Leu967Ser,Non CF-causing,0,0.2327,24.7,0.91,1.0,True,
Leu997Phe,Non CF-causing,0,0.7409,22.3,0.991,1.0,True,
Leu997Phe,Non CF-causing,0,0.7409,22.3,0.991,1.0,True,
Ile1005Arg,CF-causing,1,0.8886,25.9,0.929,1.0,True,
Ala1006Glu,CF-causing,1,0.7961,14.42,0.132,0.96,True,
Pro1013Leu,Non CF-causing,0,0.6299,25.6,1.0,0.99,True,
Gly1061Arg,CF-causing,1,0.9912,32.0,1.0,1.0,True,
Gly1061Arg,CF-causing,1,0.9912,32.0,1.0,1.0,True,
Leu1065Pro,CF-causing,1,0.9848,29.9,0.983,1.0,True,
Leu1065Arg,CF-causing,1,0.9598,29.3,0.983,1.0,True,
Arg1066Cys,CF-causing,1,0.9239,33.0,1.0,1.0,True,
Arg1066His,CF-causing,1,0.7951,32.0,0.977,1.0,True,
Arg1066Leu,CF-causing,1,0.9731,32.0,0.998,1.0,True,
Arg1070Pro,CF-causing,1,0.9907,32.0,0.999,1.0,True,
Leu1077Pro,CF-causing,1,0.9761,27.6,1.0,1.0,True,
Trp1098Arg,CF-causing,1,0.9798,27.8,1.0,1.0,True,
Trp1098Arg,CF-causing,1,0.9798,27.8,1.0,1.0,True,
Met1101Lys,CF-causing,1,0.7987,25.9,0.912,1.0,True,
Met1101Arg,CF-causing,1,0.7663,26.0,0.945,1.0,True,
Arg1162Leu,Non CF-causing,0,0.8935,32.0,0.73,1.0,True,
Ile1234Val,CF-causing,1,0.0772,23.0,0.006,0.0,True,
Ser1235Arg,Non CF-causing,0,0.1926,20.5,0.206,0.99,True,
Ser1235Arg,Non CF-causing,0,0.1926,20.5,0.206,0.99,True,
Ser1235Arg,Non CF-causing,0,0.1926,20.5,0.206,0.99,True,
Gly1244Glu,CF-causing,1,0.9886,29.3,1.0,1.0,True,
Gly1249Glu,CF-causing,1,0.9876,28.0,1.0,1.0,True,
Ser1251Asn,CF-causing,1,0.9332,28.1,0.966,1.0,True,
Ser1255Pro,CF-causing,1,0.7872,23.1,0.54,0.97,True,
Trp1282Arg,CF-causing,1,0.9934,26.5,1.0,1.0,True,
Trp1282Arg,CF-causing,1,0.9934,26.5,1.0,1.0,True,
Arg1283Met,CF-causing,1,0.9709,28.3,1.0,1.0,True,
Asn1303Lys,CF-causing,1,0.9907,22.2,1.0,1.0,True,
Asn1303Lys,CF-causing,1,0.9907,22.2,1.0,1.0,True,
Gly1349Asp,CF-causing,1,0.9801,28.7,1.0,1.0,True,
Leu15Pro,CF-causing,1,0.7627,26.2,0.439,0.98,True,
Gly27Arg,CF-causing,1,0.9823,28.6,1.0,1.0,True,
Gly27Arg,CF-causing,1,0.9823,28.6,1.0,1.0,True,
Gly27Glu,CF-causing,1,0.9746,27.1,1.0,1.0,True,
Gln30Pro,CF-causing,1,0.4124,23.2,0.232,1.0,True,
Ala46Asp,CF-causing,1,0.9842,26.2,0.999,1.0,True,
Ser50Pro,CF-causing,1,0.9639,26.5,0.981,0.98,True,
Glu56Lys,CF-causing,1,0.8802,33.0,0.979,1.0,True,
Trp57Arg,CF-causing,1,0.997,28.3,0.982,1.0,True,
Trp57Arg,CF-causing,1,0.997,28.3,0.982,1.0,True,
Glu60Lys,CF-causing,1,0.9595,28.9,0.998,1.0,True,
Ala72Asp,CF-causing,1,0.9863,26.9,0.999,1.0,True,
Arg74Gln,Non CF-causing,0,0.0821,21.8,0.01,0.9,True,
Gly85Arg,CF-causing,1,0.9897,28.0,0.986,1.0,True,
Gly85Arg,CF-causing,1,0.9897,28.0,0.986,1.0,True,
Gly85Val,CF-causing,1,0.9376,28.2,0.982,1.0,True,
Tyr89Cys,Non CF-causing,0,0.3394,25.4,0.982,1.0,True,
Ala96Glu,CF-causing,1,0.9475,26.8,0.561,1.0,True,
Gln98Pro,CF-causing,1,0.8579,27.1,0.999,1.0,True,
Pro99Leu,CF-causing,1,0.9651,27.7,1.0,1.0,True,
Leu102Pro,CF-causing,1,0.9848,28.1,0.995,1.0,True,
Leu102Arg,CF-causing,1,0.952,27.9,0.993,1.0,True,
Ile105Asn,CF-causing,1,0.9564,28.5,1.0,1.0,True,
Ser108Phe,CF-causing,1,0.9321,26.9,0.998,1.0,True,
Tyr109Asn,CF-causing,1,0.857,26.5,0.99,1.0,True,
Tyr109His,CF-causing,1,0.8629,26.5,0.99,1.0,True,
Asp110Tyr,CF-causing,1,0.6153,27.2,0.992,1.0,True,
Glu116Lys,CF-causing,1,0.8451,25.4,0.997,1.0,True,
Ile125Thr,Non CF-causing,0,0.1177,22.4,0.208,0.99,True,
Gly126Asp,CF-causing,1,0.9772,28.3,1.0,1.0,True,
Leu137Pro,CF-causing,1,0.9444,,0.992,1.0,False,missing_cadd
His139Leu,CF-causing,1,0.5413,25.4,0.886,0.99,True,
His147Pro,CF-causing,1,0.8445,22.0,0.838,1.0,True,
Ile148Asn,CF-causing,1,0.4954,24.2,0.066,1.0,True,
Met150Arg,CF-causing,1,0.931,26.9,0.999,1.0,True,
Met150Lys,CF-causing,1,0.9308,26.8,0.999,1.0,True,
Met152Leu,Non CF-causing,0,0.1493,23.1,0.015,0.99,True,
Met152Leu,Non CF-causing,0,0.1493,23.1,0.015,0.99,True,
Ala155Pro,CF-causing,1,0.9888,29.3,1.0,0.99,True,
Tyr161Asp,CF-causing,1,0.9903,28.4,1.0,1.0,True,
Lys162Glu,CF-causing,1,0.9093,26.5,0.998,1.0,True,
Thr164Pro,CF-causing,1,0.8181,29.9,0.935,1.0,True,
Leu165Ser,CF-causing,1,0.9669,27.9,1.0,1.0,True,
Leu167Arg,CF-causing,1,0.936,28.5,0.992,1.0,True,
Phe191Val,CF-causing,1,0.5931,26.4,0.882,1.0,True,
Asp192Asn,CF-causing,1,0.834,31.0,1.0,0.99,True,
Asp192Gly,CF-causing,1,0.8915,31.0,1.0,1.0,True,
Gly194Arg,CF-causing,1,0.9755,33.0,0.988,1.0,True,
Gly194Arg,CF-causing,1,0.9755,33.0,0.988,1.0,True,
His199Arg,CF-causing,1,0.9699,25.9,0.999,1.0,True,
Phe200Ile,CF-causing,1,0.8274,27.0,0.999,1.0,True,
Pro205Leu,CF-causing,1,0.5767,26.7,1.0,1.0,True,
Glu217Gly,Non CF-causing,0,0.2334,25.0,0.286,1.0,True,
Gly226Arg,CF-causing,1,0.9886,31.0,0.997,1.0,True,
Gly226Arg,CF-causing,1,0.9886,31.0,0.997,1.0,True,
Leu227Arg,CF-causing,1,0.9673,29.0,1.0,1.0,True,
Val232Asp,CF-causing,1,0.885,24.8,0.71,1.0,True,
Ala234Asp,CF-causing,1,0.9415,23.2,0.381,0.99,True,
Gln237His,CF-causing,1,0.9058,21.9,1.0,1.0,True,
Gln237His,CF-causing,1,0.9058,21.9,1.0,1.0,True,
Glu292Lys,CF-causing,1,0.9477,30.0,0.999,1.0,True,
Leu293Pro,CF-causing,1,0.9802,29.9,0.99,1.0,True,
Leu320Val,Non CF-causing,0,0.1641,16.74,0.306,0.7,True,
Arg334Leu,CF-causing,1,0.8846,24.5,0.997,1.0,True,
Ser341Pro,CF-causing,1,0.9537,26.6,0.999,1.0,True,
Gln359Arg,CF-causing,1,0.5102,25.6,0.992,1.0,True,
Trp361Arg,CF-causing,1,0.9725,34.0,0.999,1.0,True,
Trp361Arg,CF-causing,1,0.9725,34.0,0.999,1.0,True,
Ser364Pro,CF-causing,1,0.9755,25.1,0.861,1.0,True,
Val392Gly,CF-causing,1,0.5825,26.4,0.981,0.99,True,
Gly424Ser,Non CF-causing,0,0.076,16.62,0.001,0.91,True,
Ile444Ser,CF-causing,1,0.8193,28.7,1.0,1.0,True,
Gln452Pro,CF-causing,1,0.7846,28.1,0.955,1.0,True,
Leu453Ser,CF-causing,1,0.8487,27.8,0.99,1.0,True,
Val456Ala,CF-causing,1,0.6758,26.8,0.956,1.0,True,
Ala457Pro,CF-causing,1,0.961,23.6,0.556,1.0,True,
Gly463Asp,CF-causing,1,0.9809,33.0,1.0,1.0,True,
Lys464Glu,CF-causing,1,0.8962,29.3,0.66,0.99,True,
Lys464Asn,CF-causing,1,0.9589,34.0,0.994,1.0,True,
Lys464Asn,CF-causing,1,0.9589,34.0,0.994,1.0,True,
Thr465Asn,CF-causing,1,0.7614,28.9,0.988,1.0,True,
Leu467Pro,CF-causing,1,0.9858,28.5,1.0,1.0,True,
Glu474Lys,CF-causing,1,0.9308,28.6,0.999,0.99,True,
Gly480Ser,CF-causing,1,0.7429,28.1,1.0,1.0,True,
Gly480Asp,CF-causing,1,0.9468,27.9,1.0,1.0,True,
Gln493Leu,CF-causing,1,0.7175,26.7,0.992,1.0,True,
Gln493Arg,CF-causing,1,0.7282,25.9,0.998,1.0,True,
Trp496Gly,CF-causing,1,0.926,,,,False,missing_cadd+sift+polyphen
Trp496Arg,CF-causing,1,0.9959,28.1,1.0,1.0,True,
Trp496Arg,CF-causing,1,0.9959,28.1,1.0,1.0,True,
Ile497Ser,CF-causing,1,0.8501,27.8,1.0,1.0,True,
Gly500Asp,CF-causing,1,0.8789,27.7,1.0,1.0,True,
Thr501Ile,CF-causing,1,0.7825,24.1,0.999,1.0,True,
Ile502Thr,CF-causing,1,0.8924,26.8,1.0,1.0,True,
Ile506Leu,CF-causing,1,0.5066,25.7,0.999,1.0,True,
Ile506Thr,CF-causing,1,0.9378,26.4,1.0,1.0,True,
Ile506Ser,CF-causing,1,0.9787,28.3,1.0,1.0,True,
Arg516Gly,CF-causing,1,0.9156,24.7,1.0,1.0,True,
Tyr517Cys,CF-causing,1,0.7606,26.1,1.0,1.0,True,
Cys524Arg,CF-causing,1,0.9954,28.9,1.0,1.0,True,
Gln552Pro,CF-causing,1,0.9646,28.0,1.0,1.0,True,
Arg555Gly,CF-causing,1,0.9801,24.8,1.0,1.0,True,
Arg560Gly,CF-causing,1,0.9691,33.0,1.0,1.0,True,
Arg560Ser,CF-causing,1,0.9892,24.2,1.0,1.0,True,
Arg560Ser,CF-causing,1,0.9892,24.2,1.0,1.0,True,
Ala561Glu,CF-causing,1,0.9846,31.0,0.999,0.99,True,
Tyr563Asp,CF-causing,1,0.9955,31.0,1.0,1.0,True,
Tyr563His,CF-causing,1,0.9676,27.6,1.0,1.0,True,
Ala566Asp,CF-causing,1,0.9921,28.4,0.998,1.0,True,
Asp579Tyr,CF-causing,1,0.9715,31.0,1.0,1.0,True,
Phe587Ile,CF-causing,1,0.833,26.7,0.999,1.0,True,
Cys590Tyr,CF-causing,1,0.9085,28.2,1.0,1.0,True,
Leu594Pro,CF-causing,1,0.9646,28.0,1.0,1.0,True,
Ile601Thr,CF-causing,1,0.9658,26.7,0.996,1.0,True,
Val603Phe,CF-causing,1,0.7814,24.7,0.732,1.0,True,
Thr604Ile,CF-causing,1,0.9201,,0.999,1.0,False,missing_cadd
His609Arg,CF-causing,1,0.7838,23.9,0.409,1.0,True,
Gly622Val,CF-causing,1,0.8665,,,,False,missing_cadd+sift+polyphen
Gly628Ala,CF-causing,1,0.6588,28.0,0.999,1.0,True,
Asp836Tyr,Non CF-causing,0,0.1673,26.0,0.987,1.0,True,
Val920Met,Non CF-causing,0,0.5981,29.6,0.993,0.99,True,
Leu927Pro,CF-causing,1,0.9259,26.2,0.97,1.0,True,
Ser945Leu,CF-causing,1,0.8322,29.3,0.981,1.0,True,
His954Pro,CF-causing,1,0.367,19.65,0.522,0.98,True,
Gly970Arg,CF-causing,1,0.6568,34.0,0.997,1.0,True,
Gly970Asp,CF-causing,1,0.7638,32.0,0.996,1.0,True,
Asp979Val,CF-causing,1,0.9887,28.4,0.998,1.0,True,
Asp993Tyr,CF-causing,1,0.9339,29.8,0.998,1.0,True,
Asp993Gly,CF-causing,1,0.9496,27.0,0.992,1.0,True,
Gly1003Glu,CF-causing,1,0.9859,29.0,1.0,1.0,True,
Val1008Asp,CF-causing,1,0.9616,26.7,0.986,1.0,True,
Pro1021Leu,CF-causing,1,0.4272,26.5,0.998,1.0,True,
Ile1027Thr,Non CF-causing,0,0.3126,21.8,0.208,1.0,True,
Thr1036Asn,CF-causing,1,0.7714,26.3,0.998,1.0,True,
Glu1044Gly,CF-causing,1,0.8877,29.6,1.0,1.0,True,
Thr1053Ile,Non CF-causing,0,0.3548,28.5,0.842,1.0,True,
His1054Asp,CF-causing,1,0.9454,27.2,0.999,1.0,True,
Ala1067Pro,CF-causing,1,0.982,29.9,1.0,1.0,True,
Phe1078Ser,CF-causing,1,0.9697,27.9,1.0,1.0,True,
His1085Pro,CF-causing,1,0.9469,26.5,0.999,1.0,True,
Thr1086Ile,CF-causing,1,0.9209,26.1,0.999,1.0,True,
Ala1087Pro,CF-causing,1,0.9918,28.2,1.0,1.0,True,
Asn1088Asp,CF-causing,1,0.4991,22.6,0.306,0.98,True,
Trp1098Cys,CF-causing,1,0.8684,,1.0,1.0,False,missing_cadd
Trp1098Cys,CF-causing,1,0.8684,,1.0,1.0,False,missing_cadd
Gln1100Pro,CF-causing,1,0.9497,25.5,0.963,0.98,True,
Glu1104Lys,CF-causing,1,0.9363,28.2,0.482,0.99,True,
Glu1104Val,CF-causing,1,0.9614,28.0,0.852,1.0,True,
Ser1118Phe,CF-causing,1,0.9112,27.1,0.955,1.0,True,
Ile1139Val,Non CF-causing,0,0.2166,24.5,0.991,1.0,True,
Met1140Lys,CF-causing,1,0.9266,24.7,0.501,1.0,True,
Ser1159Pro,CF-causing,1,0.801,27.7,0.916,1.0,True,
Ser1159Phe,CF-causing,1,0.933,29.0,0.956,1.0,True,
Val1240Gly,CF-causing,1,0.5637,29.1,0.946,1.0,True,
Gly1249Arg,CF-causing,1,0.9533,28.7,1.0,1.0,True,
Gly1249Arg,CF-causing,1,0.9533,28.7,1.0,1.0,True,
Gly1265Val,CF-causing,1,0.9312,28.3,1.0,1.0,True,
Ile1269Asn,CF-causing,1,0.9156,27.3,0.969,1.0,True,
Asp1270Tyr,CF-causing,1,0.9129,29.3,1.0,1.0,True,
Trp1282Gly,CF-causing,1,0.913,28.4,0.999,1.0,True,
Arg1283Ser,CF-causing,1,0.9924,22.6,0.999,1.0,True,
Arg1283Ser,CF-causing,1,0.9924,22.6,0.999,1.0,True,
Ala1319Glu,CF-causing,1,0.885,24.8,0.928,1.0,True,
Leu1324Pro,CF-causing,1,0.996,29.0,1.0,1.0,True,
Leu1335Pro,CF-causing,1,0.8177,28.3,1.0,1.0,True,
Met1354Arg,CF-causing,1,0.8922,26.5,0.518,1.0,True,
Ile1366Asn,CF-causing,1,0.9528,28.3,1.0,1.0,True,
His1375Asn,Non CF-causing,0,0.2025,21.5,0.007,0.99,True,
His1375Pro,CF-causing,1,0.6197,26.1,0.712,1.0,True,
Ile1398Ser,CF-causing,1,0.931,27.6,0.684,1.0,True,
Ser1426Phe,Non CF-causing,0,0.3171,27.6,0.931,1.0,True,
