variant,determination_2026,am_pathogenicity,cadd_phred,exclusion_reason
Ser13Phe,CF-causing,0.7624,29.4,
Arg31Cys,Non CF-causing,0.1079,28.1,
Trp57Gly,CF-causing,0.956,26.0,
Pro67Leu,CF-causing,0.6516,26.7,
Arg75Gln,Non CF-causing,0.1994,29.7,
Gly85Glu,CF-causing,0.9881,28.5,
Gly91Arg,CF-causing,0.9474,32.0,
Gly91Arg,CF-causing,0.9474,32.0,
Glu92Lys,CF-causing,0.9443,33.0,
Gln98Arg,CF-causing,0.9376,26.7,
Tyr109Cys,CF-causing,0.7257,26.3,
Asp110His,CF-causing,0.6356,26.5,
Arg117Cys,CF-causing,0.6159,27.4,
Arg117Pro,CF-causing,0.9687,26.3,
His139Arg,CF-causing,0.903,24.5,
Ala141Asp,CF-causing,0.9608,24.5,
Ile148Thr,Non CF-causing,0.1225,24.0,
Gly149Arg,CF-causing,0.9869,33.0,
Gly149Arg,CF-causing,0.9869,33.0,
Arg170His,Non CF-causing,0.1611,33.0,
Gly178Arg,CF-causing,0.7577,32.0,
Gly178Arg,CF-causing,0.7577,32.0,
Glu193Lys,CF-causing,0.684,34.0,
His199Tyr,CF-causing,0.7924,26.6,
His199Gln,CF-causing,0.9222,23.8,
His199Gln,CF-causing,0.9222,23.8,
Pro205Ser,CF-causing,0.7814,25.8,
Leu206Trp,CF-causing,0.6236,28.3,
Arg297Gln,Non CF-causing,0.0677,21.8,
Phe311Leu,CF-causing,0.9751,24.1,
Phe311Leu,CF-causing,0.9751,24.1,
Phe311Leu,CF-causing,0.9751,24.1,
Gly314Arg,CF-causing,0.9875,29.3,
Gly314Arg,CF-causing,0.9875,29.3,
Arg334Trp,CF-causing,0.6563,26.0,
Ile336Lys,CF-causing,0.9829,24.5,
Thr338Ile,CF-causing,0.8347,24.8,
Leu346Pro,CF-causing,0.9915,28.0,
Arg347His,CF-causing,0.8454,32.0,
Arg347Pro,CF-causing,0.9925,29.3,
Arg352Gln,CF-causing,0.6256,31.0,
Ala455Glu,CF-causing,0.9484,26.1,
Val456Phe,CF-causing,0.5745,24.0,
Gly458Val,CF-causing,0.9608,30.0,
Val470Met,Non CF-causing,0.0489,13.72,
Gly480Cys,CF-causing,0.9265,29.2,
Ser492Phe,CF-causing,0.6378,34.0,
Ile506Val,Non CF-causing,0.1397,24.9,
Phe508Cys,Non CF-causing,0.8735,28.3,
Asp513Gly,CF-causing,0.8753,26.9,
Val520Phe,CF-causing,0.8789,24.1,
Ser549Arg,CF-causing,0.9948,27.1,
Ser549Arg,CF-causing,0.9948,27.1,
Ser549Arg,CF-causing,0.9948,27.1,
Ser549Asn,CF-causing,0.9503,27.7,
Ser549Ile,CF-causing,0.9661,29.3,
Gly551Ser,CF-causing,0.878,28.3,
Gly551Asp,CF-causing,0.9897,28.2,
Leu558Ser,CF-causing,0.9666,27.7,
Ala559Thr,CF-causing,0.9317,28.5,
Arg560Lys,CF-causing,0.7883,34.0,
Arg560Thr,CF-causing,0.9846,34.0,
Val562Ile,Non CF-causing,0.074,22.6,
Tyr563Asn,CF-causing,0.963,29.2,
Tyr569Asp,CF-causing,0.9964,33.0,
Tyr569Cys,CF-causing,0.7605,28.4,
Leu571Ser,CF-causing,0.9448,32.0,
Asp572Asn,CF-causing,0.9336,32.0,
Pro574His,CF-causing,0.982,27.3,
Gly576Ala,Non CF-causing,0.1868,24.8,
Ile601Phe,CF-causing,0.4904,24.9,
Leu610Ser,CF-causing,0.9553,27.9,
Ala613Thr,CF-causing,0.3927,29.6,
Ile618Thr,CF-causing,0.9243,25.6,
Leu619Ser,CF-causing,0.9715,26.7,
His620Pro,CF-causing,0.8136,27.0,
Gly628Arg,CF-causing,0.877,29.1,
Gly628Arg,CF-causing,0.877,29.1,
Leu633Pro,CF-causing,0.9786,27.5,
Arg668Cys,Non CF-causing,0.104,29.3,
Val754Met,Non CF-causing,0.0728,0.172,
Ile807Met,Non CF-causing,0.1612,21.8,
Tyr913Cys,CF-causing,0.3786,16.52,
Tyr917Cys,CF-causing,0.5828,26.6,
Met952Ile,Non CF-causing,0.8752,24.8,
Met952Ile,Non CF-causing,0.8752,24.8,
Met952Ile,Non CF-causing,0.8752,24.8,
Leu967Ser,Non CF-causing,0.2327,24.7,
Leu997Phe,Non CF-causing,0.7409,22.3,
Leu997Phe,Non CF-causing,0.7409,22.3,
Ile1005Arg,CF-causing,0.8886,25.9,
Ala1006Glu,CF-causing,0.7961,14.42,
Pro1013Leu,Non CF-causing,0.6299,25.6,
Gly1061Arg,CF-causing,0.9912,32.0,
Gly1061Arg,CF-causing,0.9912,32.0,
Leu1065Pro,CF-causing,0.9848,29.9,
Leu1065Arg,CF-causing,0.9598,29.3,
Arg1066Cys,CF-causing,0.9239,33.0,
Arg1066His,CF-causing,0.7951,32.0,
Arg1066Leu,CF-causing,0.9731,32.0,
Arg1070Pro,CF-causing,0.9907,32.0,
Leu1077Pro,CF-causing,0.9761,27.6,
Trp1098Arg,CF-causing,0.9798,27.8,
Trp1098Arg,CF-causing,0.9798,27.8,
Met1101Lys,CF-causing,0.7987,25.9,
Met1101Arg,CF-causing,0.7663,26.0,
Arg1162Leu,Non CF-causing,0.8935,32.0,
Ile1234Val,CF-causing,0.0772,23.0,
Ser1235Arg,Non CF-causing,0.1926,20.5,
Ser1235Arg,Non CF-causing,0.1926,20.5,
Ser1235Arg,Non CF-causing,0.1926,20.5,
Gly1244Glu,CF-causing,0.9886,29.3,
Gly1249Glu,CF-causing,0.9876,28.0,
Ser1251Asn,CF-causing,0.9332,28.1,
Ser1255Pro,CF-causing,0.7872,23.1,
Trp1282Arg,CF-causing,0.9934,26.5,
Trp1282Arg,CF-causing,0.9934,26.5,
Arg1283Met,CF-causing,0.9709,28.3,
Asn1303Lys,CF-causing,0.9907,22.2,
Asn1303Lys,CF-causing,0.9907,22.2,
Gly1349Asp,CF-causing,0.9801,28.7,
Leu15Pro,CF-causing,0.7627,26.2,
Gly27Arg,CF-causing,0.9823,28.6,
Gly27Arg,CF-causing,0.9823,28.6,
Gly27Glu,CF-causing,0.9746,27.1,
Gln30Pro,CF-causing,0.4124,23.2,
Ala46Asp,CF-causing,0.9842,26.2,
Ser50Pro,CF-causing,0.9639,26.5,
Glu56Lys,CF-causing,0.8802,33.0,
Trp57Arg,CF-causing,0.997,28.3,
Trp57Arg,CF-causing,0.997,28.3,
Glu60Lys,CF-causing,0.9595,28.9,
Ala72Asp,CF-causing,0.9863,26.9,
Arg74Gln,Non CF-causing,0.0821,21.8,
Gly85Arg,CF-causing,0.9897,28.0,
Gly85Arg,CF-causing,0.9897,28.0,
Gly85Val,CF-causing,0.9376,28.2,
Tyr89Cys,Non CF-causing,0.3394,25.4,
Ala96Glu,CF-causing,0.9475,26.8,
Gln98Pro,CF-causing,0.8579,27.1,
Pro99Leu,CF-causing,0.9651,27.7,
Leu102Pro,CF-causing,0.9848,28.1,
Leu102Arg,CF-causing,0.952,27.9,
Ile105Asn,CF-causing,0.9564,28.5,
Ser108Phe,CF-causing,0.9321,26.9,
Tyr109Asn,CF-causing,0.857,26.5,
Tyr109His,CF-causing,0.8629,26.5,
Asp110Tyr,CF-causing,0.6153,27.2,
Glu116Lys,CF-causing,0.8451,25.4,
Ile125Thr,Non CF-causing,0.1177,22.4,
Gly126Asp,CF-causing,0.9772,28.3,
Leu137Pro,CF-causing,0.9444,,cadd_api_no_score_http200
His139Leu,CF-causing,0.5413,25.4,
His147Pro,CF-causing,0.8445,22.0,
Ile148Asn,CF-causing,0.4954,24.2,
Met150Arg,CF-causing,0.931,26.9,
Met150Lys,CF-causing,0.9308,26.8,
Met152Leu,Non CF-causing,0.1493,23.1,
Met152Leu,Non CF-causing,0.1493,23.1,
Ala155Pro,CF-causing,0.9888,29.3,
Tyr161Asp,CF-causing,0.9903,28.4,
Lys162Glu,CF-causing,0.9093,26.5,
Thr164Pro,CF-causing,0.8181,29.9,
Leu165Ser,CF-causing,0.9669,27.9,
Leu167Arg,CF-causing,0.936,28.5,
Phe191Val,CF-causing,0.5931,26.4,
Asp192Asn,CF-causing,0.834,31.0,
Asp192Gly,CF-causing,0.8915,31.0,
Gly194Arg,CF-causing,0.9755,33.0,
Gly194Arg,CF-causing,0.9755,33.0,
His199Arg,CF-causing,0.9699,25.9,
Phe200Ile,CF-causing,0.8274,27.0,
Pro205Leu,CF-causing,0.5767,26.7,
Glu217Gly,Non CF-causing,0.2334,25.0,
Gly226Arg,CF-causing,0.9886,31.0,
Gly226Arg,CF-causing,0.9886,31.0,
Leu227Arg,CF-causing,0.9673,29.0,
Val232Asp,CF-causing,0.885,24.8,
Ala234Asp,CF-causing,0.9415,23.2,
Gln237His,CF-causing,0.9058,21.9,
Gln237His,CF-causing,0.9058,21.9,
Glu292Lys,CF-causing,0.9477,30.0,
Leu293Pro,CF-causing,0.9802,29.9,
Leu320Val,Non CF-causing,0.1641,16.74,
Arg334Leu,CF-causing,0.8846,24.5,
Ser341Pro,CF-causing,0.9537,26.6,
Gln359Arg,CF-causing,0.5102,25.6,
Trp361Arg,CF-causing,0.9725,34.0,
Trp361Arg,CF-causing,0.9725,34.0,
Ser364Pro,CF-causing,0.9755,25.1,
Val392Gly,CF-causing,0.5825,26.4,
Gly424Ser,Non CF-causing,0.076,16.62,
Ile444Ser,CF-causing,0.8193,28.7,
Gln452Pro,CF-causing,0.7846,28.1,
Leu453Ser,CF-causing,0.8487,27.8,
Val456Ala,CF-causing,0.6758,26.8,
Ala457Pro,CF-causing,0.961,23.6,
Gly463Asp,CF-causing,0.9809,33.0,
Lys464Glu,CF-causing,0.8962,29.3,
Lys464Asn,CF-causing,0.9589,34.0,
Lys464Asn,CF-causing,0.9589,34.0,
Thr465Asn,CF-causing,0.7614,28.9,
Leu467Pro,CF-causing,0.9858,28.5,
Glu474Lys,CF-causing,0.9308,28.6,
Gly480Ser,CF-causing,0.7429,28.1,
Gly480Asp,CF-causing,0.9468,27.9,
Gln493Leu,CF-causing,0.7175,26.7,
Gln493Arg,CF-causing,0.7282,25.9,
Trp496Gly,CF-causing,0.926,,cadd_api_no_score_http200
Trp496Arg,CF-causing,0.9959,28.1,
Trp496Arg,CF-causing,0.9959,28.1,
Ile497Ser,CF-causing,0.8501,27.8,
Gly500Asp,CF-causing,0.8789,27.7,
Thr501Ile,CF-causing,0.7825,24.1,
Ile502Thr,CF-causing,0.8924,26.8,
Ile506Leu,CF-causing,0.5066,25.7,
Ile506Thr,CF-causing,0.9378,26.4,
Ile506Ser,CF-causing,0.9787,28.3,
Arg516Gly,CF-causing,0.9156,24.7,
Tyr517Cys,CF-causing,0.7606,26.1,
Cys524Arg,CF-causing,0.9954,28.9,
Gln552Pro,CF-causing,0.9646,28.0,
Arg555Gly,CF-causing,0.9801,24.8,
Arg560Gly,CF-causing,0.9691,33.0,
Arg560Ser,CF-causing,0.9892,24.2,
Arg560Ser,CF-causing,0.9892,24.2,
Ala561Glu,CF-causing,0.9846,31.0,
Tyr563Asp,CF-causing,0.9955,31.0,
Tyr563His,CF-causing,0.9676,27.6,
Ala566Asp,CF-causing,0.9921,28.4,
Asp579Tyr,CF-causing,0.9715,31.0,
Phe587Ile,CF-causing,0.833,26.7,
Cys590Tyr,CF-causing,0.9085,28.2,
Leu594Pro,CF-causing,0.9646,28.0,
Ile601Thr,CF-causing,0.9658,26.7,
Val603Phe,CF-causing,0.7814,24.7,
Thr604Ile,CF-causing,0.9201,,cadd_api_no_score_http200
His609Arg,CF-causing,0.7838,23.9,
Gly622Val,CF-causing,0.8665,,cadd_api_no_score_http200
Gly628Ala,CF-causing,0.6588,28.0,
Asp836Tyr,Non CF-causing,0.1673,26.0,
Val920Met,Non CF-causing,0.5981,29.6,
Leu927Pro,CF-causing,0.9259,26.2,
Ser945Leu,CF-causing,0.8322,29.3,
His954Pro,CF-causing,0.367,19.65,
Gly970Arg,CF-causing,0.6568,34.0,
Gly970Asp,CF-causing,0.7638,32.0,
Asp979Val,CF-causing,0.9887,28.4,
Asp993Tyr,CF-causing,0.9339,29.8,
Asp993Gly,CF-causing,0.9496,27.0,
Gly1003Glu,CF-causing,0.9859,29.0,
Val1008Asp,CF-causing,0.9616,26.7,
Pro1021Leu,CF-causing,0.4272,26.5,
Ile1027Thr,Non CF-causing,0.3126,21.8,
Thr1036Asn,CF-causing,0.7714,26.3,
Glu1044Gly,CF-causing,0.8877,29.6,
Thr1053Ile,Non CF-causing,0.3548,28.5,
His1054Asp,CF-causing,0.9454,27.2,
Ala1067Pro,CF-causing,0.982,29.9,
Phe1078Ser,CF-causing,0.9697,27.9,
His1085Pro,CF-causing,0.9469,26.5,
Thr1086Ile,CF-causing,0.9209,26.1,
Ala1087Pro,CF-causing,0.9918,28.2,
Asn1088Asp,CF-causing,0.4991,22.6,
Trp1098Cys,CF-causing,0.8684,,cadd_api_no_score_http200
Trp1098Cys,CF-causing,0.8684,,cadd_api_no_score_http200
Gln1100Pro,CF-causing,0.9497,25.5,
Glu1104Lys,CF-causing,0.9363,28.2,
Glu1104Val,CF-causing,0.9614,28.0,
Ser1118Phe,CF-causing,0.9112,27.1,
Ile1139Val,Non CF-causing,0.2166,24.5,
Met1140Lys,CF-causing,0.9266,24.7,
Ser1159Pro,CF-causing,0.801,27.7,
Ser1159Phe,CF-causing,0.933,29.0,
Val1240Gly,CF-causing,0.5637,29.1,
Gly1249Arg,CF-causing,0.9533,28.7,
Gly1249Arg,CF-causing,0.9533,28.7,
Gly1265Val,CF-causing,0.9312,28.3,
Ile1269Asn,CF-causing,0.9156,27.3,
Asp1270Tyr,CF-causing,0.9129,29.3,
Trp1282Gly,CF-causing,0.913,28.4,
Arg1283Ser,CF-causing,0.9924,22.6,
Arg1283Ser,CF-causing,0.9924,22.6,
Ala1319Glu,CF-causing,0.885,24.8,
Leu1324Pro,CF-causing,0.996,29.0,
Leu1335Pro,CF-causing,0.8177,28.3,
Met1354Arg,CF-causing,0.8922,26.5,
Ile1366Asn,CF-causing,0.9528,28.3,
His1375Asn,Non CF-causing,0.2025,21.5,
His1375Pro,CF-causing,0.6197,26.1,
Ile1398Ser,CF-causing,0.931,27.6,
Ser1426Phe,Non CF-causing,0.3171,27.6,
