protein_variant,variant_id,am_pathogenicity,RNA_SEQ_raw_max,RNA_SEQ_quantile_max,ATAC_raw_max,ATAC_quantile_max,SPLICE_raw_max,SPLICE_quantile_max,group_RNA_raw_diff,group_ATAC_raw_diff,group_SPLICE_raw_diff,group_RNA_q_diff,group_ATAC_q_diff,group_SPLICE_q_diff
Q1411H,chr7:117665555:A>T,0.3573,0.0287563800811767,0.999363362789154,0.528620719909668,0.9988133311271667,0.013671875,0.9602251052856444,0.0,0.0,0.0,0.0,0.0,0.0
Q1411H,chr7:117665555:A>C,0.3573,0.0287563800811767,0.999363362789154,0.528620719909668,0.9988133311271667,0.013671875,0.9602251052856444,0.0,0.0,0.0,0.0,0.0,0.0
R1386S,chr7:117665480:A>T,0.3444,0.0165231227874755,0.9986372590065002,0.2890095710754394,0.9953787922859192,0.01953125,0.9894933104515076,0.0,0.0,0.0,0.0,0.0,0.0
R1386S,chr7:117665480:A>C,0.3444,0.0165231227874755,0.9986372590065002,0.2890095710754394,0.9953787922859192,0.01953125,0.9894933104515076,0.0,0.0,0.0,0.0,0.0,0.0
M1407I,chr7:117665543:G>A,0.4587,0.014388084411621,0.9980294108390808,0.2134289741516113,0.9914013147354126,0.0078125,0.874137282371521,0.0070533752441406,0.1417832374572754,0.00390625,0.012603700160980225,0.0389731526374818,0.08608782291412342
M1407I,chr7:117665543:G>C,0.4587,0.014388084411621,0.9980294108390808,0.2134289741516113,0.9914013147354126,0.0078125,0.874137282371521,0.0070533752441406,0.1417832374572754,0.00390625,0.012603700160980225,0.0389731526374818,0.08608782291412342
M1407I,chr7:117665543:G>T,0.4587,0.0073347091674804,0.9854257106781006,0.0716457366943359,0.9524281620979308,0.01171875,0.9602251052856444,0.0070533752441406,0.1417832374572754,0.00390625,0.012603700160980225,0.0389731526374818,0.08608782291412342
C1395S,chr7:117665505:T>A,0.4598,0.0102136135101318,0.9946944713592528,0.2032179832458496,0.9905739426612854,0.01171875,0.9313192367553712,0.0018332004547119002,0.03450822830200201,0.00390625,0.00456351041793801,0.0035706162452697754,0.10700970888137828
C1395S,chr7:117665506:G>C,0.4598,0.0083804130554199,0.9901309609413148,0.1687097549438476,0.9870033264160156,0.0078125,0.8243095278739929,0.0018332004547119002,0.03450822830200201,0.00390625,0.00456351041793801,0.0035706162452697754,0.10700970888137828
V1397L,chr7:117665511:G>C,0.5099,0.0141019821166992,0.997936487197876,0.1846203804016113,0.988930881023407,0.01171875,0.9545878767967224,0.0,0.0,0.0,0.0,0.0,0.0
V1397L,chr7:117665511:G>T,0.5099,0.0141019821166992,0.997936487197876,0.1846203804016113,0.988930881023407,0.01171875,0.9545878767967224,0.0,0.0,0.0,0.0,0.0,0.0
M961I,chr7:117603757:G>A,0.4706,0.0041275024414062,0.937725841999054,0.1612968444824218,0.9860783815383912,0.01953125,0.9894933104515076,0.0004744529724121007,0.08573102951049799,0.01953125,0.027606010437011608,0.03053957223892223,0.005900621414184459
M961I,chr7:117603757:G>C,0.4706,0.0046019554138183,0.9653318524360656,0.0755658149719238,0.955538809299469,0.0390625,0.995393931865692,0.0004744529724121007,0.08573102951049799,0.01953125,0.027606010437011608,0.03053957223892223,0.005900621414184459
M961I,chr7:117603757:G>T,0.4706,0.0046019554138183,0.9653318524360656,0.0755658149719238,0.955538809299469,0.0390625,0.995393931865692,0.0004744529724121007,0.08573102951049799,0.01953125,0.027606010437011608,0.03053957223892223,0.005900621414184459
L948F,chr7:117603718:A>C,0.424,0.0066580772399902,0.9812546372413636,0.149660587310791,0.9836581945419312,0.01171875,0.9555776119232178,0.0,0.0,0.0,0.0,0.0,0.0
L948F,chr7:117603718:A>T,0.424,0.0066580772399902,0.9812546372413636,0.149660587310791,0.9836581945419312,0.01171875,0.9555776119232178,0.0,0.0,0.0,0.0,0.0,0.0
V905L,chr7:117603587:G>C,0.353,0.0047082901000976,0.9534879326820374,0.1306381225585937,0.9803780913352966,0.01171875,0.9555776119232178,0.0,0.0,0.0,0.0,0.0,0.0
V905L,chr7:117603587:G>T,0.353,0.0047082901000976,0.9534879326820374,0.1306381225585937,0.9803780913352966,0.01171875,0.9555776119232178,0.0,0.0,0.0,0.0,0.0,0.0
N965K,chr7:117603769:C>G,0.4224,0.0065754652023315,0.986702024936676,0.1230368614196777,0.976978361606598,0.0390625,0.9956007599830629,0.0,0.0,0.0,0.0,0.0,0.0
N965K,chr7:117603769:C>A,0.4224,0.0065754652023315,0.986702024936676,0.1230368614196777,0.976978361606598,0.0390625,0.9956007599830629,0.0,0.0,0.0,0.0,0.0,0.0
M952L,chr7:117603728:A>C,0.3681,0.0063405036926269,0.9794609546661376,0.112518310546875,0.973605453968048,0.01171875,0.9493164420127868,0.0,0.0,0.0,0.0,0.0,0.0
M952L,chr7:117603728:A>T,0.3681,0.0063405036926269,0.9794609546661376,0.112518310546875,0.973605453968048,0.01171875,0.9493164420127868,0.0,0.0,0.0,0.0,0.0,0.0
R1325S,chr7:117664699:A>T,0.352,0.0056328773498535,0.9710904955863952,0.0911369323730468,0.9628933668136596,0.0234375,0.9916399717330932,0.0,0.0,0.0,0.0,0.0,0.0
R1325S,chr7:117664699:A>C,0.352,0.0056328773498535,0.9710904955863952,0.0911369323730468,0.9628933668136596,0.0234375,0.9916399717330932,0.0,0.0,0.0,0.0,0.0,0.0
V944L,chr7:117603704:G>C,0.3563,0.0033116340637207,0.9130935668945312,0.0722708702087402,0.9534879326820374,0.015625,0.9861880540847778,0.0,0.0,0.0,0.0,0.0,0.0
V944L,chr7:117603704:G>T,0.3563,0.0033116340637207,0.9130935668945312,0.0722708702087402,0.9534879326820374,0.015625,0.9861880540847778,0.0,0.0,0.0,0.0,0.0,0.0
S1362R,chr7:117664808:A>C,0.5107,0.0086108446121215,0.9940476417541504,0.0585155487060546,0.9363186359405518,0.02734375,0.9930391907691956,0.0009676218032837001,0.0321607589721679,0.015625,0.004145860671997181,0.12121111154556274,0.002854585647583008
S1362R,chr7:117664810:T>A,0.5107,0.0076432228088378,0.9899017810821532,0.0263547897338867,0.815107524394989,0.04296875,0.9958937764167786,0.0009676218032837001,0.0321607589721679,0.015625,0.004145860671997181,0.12121111154556274,0.002854585647583008
S1362R,chr7:117664810:T>G,0.5107,0.0076432228088378,0.9899017810821532,0.0263547897338867,0.815107524394989,0.04296875,0.9958937764167786,0.0009676218032837001,0.0321607589721679,0.015625,0.004145860671997181,0.12121111154556274,0.002854585647583008
L1091F,chr7:117611714:G>T,0.3484,0.0066142082214355,0.9803780913352966,0.054950475692749,0.9319101572036744,0.0078125,0.8885958194732666,0.0,0.0,0.0,0.0,0.0,0.0
L1091F,chr7:117611714:G>C,0.3484,0.0066142082214355,0.9803780913352966,0.054950475692749,0.9319101572036744,0.0078125,0.8885958194732666,0.0,0.0,0.0,0.0,0.0,0.0
K951N,chr7:117603727:A>T,0.3504,0.006998062133789,0.9832799434661864,0.0550146102905273,0.9319101572036744,0.0078125,0.7921895980834961,0.0,0.0,0.0,0.0,0.0,0.0
K951N,chr7:117603727:A>C,0.3504,0.006998062133789,0.9832799434661864,0.0550146102905273,0.9319101572036744,0.0078125,0.7921895980834961,0.0,0.0,0.0,0.0,0.0,0.0
V922L,chr7:117603638:G>T,0.3616,0.0069861412048339,0.9836581945419312,0.053809642791748,0.9288090467453004,0.0078125,0.7559360861778259,0.0,0.0,0.0,0.0,0.0,0.0
V922L,chr7:117603638:G>C,0.3616,0.0069861412048339,0.9836581945419312,0.053809642791748,0.9288090467453004,0.0078125,0.7559360861778259,0.0,0.0,0.0,0.0,0.0,0.0
V938L,chr7:117603686:G>T,0.4965,0.0068774223327636,0.9884111881256104,0.0584759712219238,0.9288090467453004,0.015625,0.9792251586914062,0.0,0.0,0.0,0.0,0.0,0.0
V938L,chr7:117603686:G>C,0.4965,0.0068774223327636,0.9884111881256104,0.0584759712219238,0.9288090467453004,0.015625,0.9792251586914062,0.0,0.0,0.0,0.0,0.0,0.0
M929I,chr7:117603661:G>T,0.3401,0.0072495937347412,0.9899017810821532,0.0528044700622558,0.9272079467773438,0.046875,0.9963394999504088,0.0,0.0,0.0,0.0,0.0,0.0
M929I,chr7:117603661:G>C,0.3401,0.0072495937347412,0.9899017810821532,0.0528044700622558,0.9272079467773438,0.046875,0.9963394999504088,0.0,0.0,0.0,0.0,0.0,0.0
M929I,chr7:117603661:G>A,0.3401,0.0072495937347412,0.9899017810821532,0.0528044700622558,0.9272079467773438,0.046875,0.9963394999504088,0.0,0.0,0.0,0.0,0.0,0.0
I154L,chr7:117531085:A>C,0.4069,0.0106637477874755,0.9969469308853148,0.0567626953125,0.925572156906128,0.06640625,0.997741997241974,0.0,0.0,0.0,0.0,0.0,0.0
I154L,chr7:117531085:A>T,0.4069,0.0106637477874755,0.9969469308853148,0.0567626953125,0.925572156906128,0.06640625,0.997741997241974,0.0,0.0,0.0,0.0,0.0,0.0
Q634H,chr7:117592069:A>T,0.4235,0.0053861141204833,0.976978361606598,0.0522201061248779,0.9149914383888244,0.0390625,0.9956007599830629,0.0,0.0,0.0,0.0,0.0,0.0
Q634H,chr7:117592069:A>C,0.4235,0.0053861141204833,0.976978361606598,0.0522201061248779,0.9149914383888244,0.0390625,0.9956007599830629,0.0,0.0,0.0,0.0,0.0,0.0
L1356F,chr7:117664792:G>T,0.3601,0.0079540014266967,0.9923346042633056,0.0422940254211425,0.9029823541641236,0.0390625,0.9956007599830629,0.0,0.0,0.0,0.0,0.0,0.0
L1356F,chr7:117664792:G>C,0.3601,0.0079540014266967,0.9923346042633056,0.0422940254211425,0.9029823541641236,0.0390625,0.9956007599830629,0.0,0.0,0.0,0.0,0.0,0.0
S1442R,chr7:117666991:C>G,0.43,0.0075454711914062,0.9863937497138976,0.0406255722045898,0.8963895440101624,0.015625,0.9782654047012328,0.0019893646240233993,0.025316715240478502,0.00390625,0.008388638496398815,0.24113768339157104,0.02076965570449818
S1442R,chr7:117666991:C>A,0.43,0.0075454711914062,0.9863937497138976,0.0406255722045898,0.8963895440101624,0.015625,0.9782654047012328,0.0019893646240233993,0.025316715240478502,0.00390625,0.008388638496398815,0.24113768339157104,0.02076965570449818
S1442R,chr7:117666989:A>C,0.43,0.0055561065673828,0.9780051112174988,0.0153088569641113,0.6552518606185913,0.01171875,0.9574957489967346,0.0019893646240233993,0.025316715240478502,0.00390625,0.008388638496398815,0.24113768339157104,0.02076965570449818
K830N,chr7:117592657:G>C,0.4413,0.0141239166259765,0.998118221759796,0.0402431488037109,0.8963895440101624,0.05078125,0.9966611266136168,0.0,0.0,0.0,0.0,0.0,0.0
K830N,chr7:117592657:G>T,0.4413,0.0141239166259765,0.998118221759796,0.0402431488037109,0.8963895440101624,0.05078125,0.9966611266136168,0.0,0.0,0.0,0.0,0.0,0.0
L1059F,chr7:117611618:A>C,0.3827,0.008047342300415,0.988930881023407,0.0446691513061523,0.8940992951393127,0.01171875,0.953577160835266,0.0,0.0,0.0,0.0,0.0,0.0
L1059F,chr7:117611618:A>T,0.3827,0.008047342300415,0.988930881023407,0.0446691513061523,0.8940992951393127,0.01171875,0.953577160835266,0.0,0.0,0.0,0.0,0.0,0.0
I336L,chr7:117540236:A>C,0.3844,0.0089564323425292,0.9946944713592528,0.0432159900665283,0.8893747329711914,0.01171875,0.9602251052856444,0.0,0.0,0.0,0.0,0.0,0.0
I336L,chr7:117540236:A>T,0.3844,0.0089564323425292,0.9946944713592528,0.0432159900665283,0.8893747329711914,0.01171875,0.9602251052856444,0.0,0.0,0.0,0.0,0.0,0.0
K532N,chr7:117587750:G>C,0.3519,0.0046749114990234,0.9704257249832152,0.0388062000274658,0.8893747329711914,0.015625,0.9756724238395692,0.0,0.0,0.0,0.0,0.0,0.0
K532N,chr7:117587750:G>T,0.3519,0.0046749114990234,0.9704257249832152,0.0388062000274658,0.8893747329711914,0.015625,0.9756724238395692,0.0,0.0,0.0,0.0,0.0,0.0
E1469D,chr7:117667072:G>C,0.4444,0.0078334808349609,0.98786723613739,0.0371613502502441,0.8844522833824158,0.01171875,0.9446873664855956,0.0,0.0,0.0,0.0,0.0,0.0
E1469D,chr7:117667072:G>T,0.4444,0.0078334808349609,0.98786723613739,0.0371613502502441,0.8844522833824158,0.01171875,0.9446873664855956,0.0,0.0,0.0,0.0,0.0,0.0
R3S,chr7:117480103:G>T,0.4623,0.0214467048645019,0.9990577101707458,0.0407404899597168,0.8819146156311035,0.033203125,0.994465470314026,0.0,0.0,0.0,0.0,0.0,0.0
R3S,chr7:117480103:G>C,0.4623,0.0214467048645019,0.9990577101707458,0.0407404899597168,0.8819146156311035,0.033203125,0.994465470314026,0.0,0.0,0.0,0.0,0.0,0.0
K946N,chr7:117603712:A>T,0.4206,0.0080475807189941,0.9894274473190308,0.0402383804321289,0.8793247938156128,0.0234375,0.9910461902618408,0.0,0.0,0.0,0.0,0.0,0.0
K946N,chr7:117603712:A>C,0.4206,0.0080475807189941,0.9894274473190308,0.0402383804321289,0.8793247938156128,0.0234375,0.9910461902618408,0.0,0.0,0.0,0.0,0.0,0.0
Q767H,chr7:117592468:G>C,0.4329,0.0056285858154296,0.9774975180625916,0.0356020927429199,0.8766818642616272,0.0078125,0.7725585103034973,0.0,0.0,0.0,0.0,0.0,0.0
Q767H,chr7:117592468:G>T,0.4329,0.0056285858154296,0.9774975180625916,0.0356020927429199,0.8766818642616272,0.0078125,0.7725585103034973,0.0,0.0,0.0,0.0,0.0,0.0
Q1042H,chr7:117610656:A>C,0.4066,0.0048794746398925,0.9668693542480468,0.0347685813903808,0.8739849328994751,0.01171875,0.9574957489967346,0.0,0.0,0.0,0.0,0.0,0.0
Q1042H,chr7:117610656:A>T,0.4066,0.0048794746398925,0.9668693542480468,0.0347685813903808,0.8739849328994751,0.01171875,0.9574957489967346,0.0,0.0,0.0,0.0,0.0,0.0
V397L,chr7:117542088:G>C,0.418,0.0061774253845214,0.976978361606598,0.0348536968231201,0.8739849328994751,0.01171875,0.9470496773719788,0.0,0.0,0.0,0.0,0.0,0.0
V397L,chr7:117542088:G>T,0.418,0.0061774253845214,0.976978361606598,0.0348536968231201,0.8739849328994751,0.01171875,0.9470496773719788,0.0,0.0,0.0,0.0,0.0,0.0
M244I,chr7:117535400:G>T,0.4613,0.0101251602172851,0.9945709705352784,0.0385756492614746,0.8712331056594849,0.03125,0.9939336180686952,0.0,0.0,0.0,0.0,0.0,0.0
M244I,chr7:117535400:G>C,0.4613,0.0101251602172851,0.9945709705352784,0.0385756492614746,0.8712331056594849,0.03125,0.9939336180686952,0.0,0.0,0.0,0.0,0.0,0.0
M244I,chr7:117535400:G>A,0.4613,0.0101251602172851,0.9945709705352784,0.0385756492614746,0.8712331056594849,0.03125,0.9939336180686952,0.0,0.0,0.0,0.0,0.0,0.0
T1036S,chr7:117610636:A>T,0.4239,0.0063629150390625,0.9789865612983704,0.0385096073150634,0.8712331056594849,0.01171875,0.9574957489967346,0.0022969245910645,0.0235140323638916,0.00390625,0.042667925357818604,0.2718657851219177,0.15414172410964966
T1036S,chr7:117610637:C>G,0.4239,0.004065990447998,0.9363186359405518,0.0149955749511718,0.5993673205375671,0.0078125,0.803354024887085,0.0022969245910645,0.0235140323638916,0.00390625,0.042667925357818604,0.2718657851219177,0.15414172410964966
V1022L,chr7:117610594:G>C,0.4133,0.0066637992858886,0.9808213114738464,0.0341613292694091,0.8684253692626953,0.01171875,0.9514911770820618,0.0,0.0,0.0,0.0,0.0,0.0
V1022L,chr7:117610594:G>T,0.4133,0.0066637992858886,0.9808213114738464,0.0341613292694091,0.8684253692626953,0.01171875,0.9514911770820618,0.0,0.0,0.0,0.0,0.0,0.0
R734S,chr7:117592369:A>C,0.5186,0.0075669288635253,0.990787923336029,0.0372719764709472,0.8655608296394348,0.0078125,0.8209431171417236,0.0,0.0,0.0,0.0,0.0,0.0
R734S,chr7:117592369:A>T,0.5186,0.0075669288635253,0.990787923336029,0.0372719764709472,0.8655608296394348,0.0078125,0.8209431171417236,0.0,0.0,0.0,0.0,0.0,0.0
H939Q,chr7:117603691:T>G,0.3836,0.0058536529541015,0.9803780913352966,0.032808780670166,0.8626384735107422,0.02734375,0.9935016632080078,0.0,0.0,0.0,0.0,0.0,0.0
H939Q,chr7:117603691:T>A,0.3836,0.0058536529541015,0.9803780913352966,0.032808780670166,0.8626384735107422,0.02734375,0.9935016632080078,0.0,0.0,0.0,0.0,0.0,0.0
L602F,chr7:117591973:G>C,0.3658,0.0076394081115722,0.9870033264160156,0.0326318740844726,0.8626384735107422,0.07421875,0.9979875087738036,0.0,0.0,0.0,0.0,0.0,0.0
L602F,chr7:117591973:G>T,0.3658,0.0076394081115722,0.9870033264160156,0.0326318740844726,0.8626384735107422,0.07421875,0.9979875087738036,0.0,0.0,0.0,0.0,0.0,0.0
F319L,chr7:117540187:T>G,0.5618,0.0053038597106933,0.9653318524360656,0.0368103981018066,0.8626384735107422,0.01171875,0.9555776119232178,0.0007343292236328004,0.0207149982452393,0.00390625,0.01398700475692738,0.24155491590499878,0.14503580331802368
F319L,chr7:117540187:T>A,0.5618,0.0053038597106933,0.9653318524360656,0.0368103981018066,0.8626384735107422,0.01171875,0.9555776119232178,0.0007343292236328004,0.0207149982452393,0.00390625,0.01398700475692738,0.24155491590499878,0.14503580331802368
F319L,chr7:117540185:T>C,0.5618,0.0045695304870605,0.9513448476791382,0.0160953998565673,0.6210835576057434,0.0078125,0.8105418086051941,0.0007343292236328004,0.0207149982452393,0.00390625,0.01398700475692738,0.24155491590499878,0.14503580331802368
V97L,chr7:117530914:G>C,0.5132,0.0064377784729003,0.9789865612983704,0.0321149826049804,0.8596574068069458,0.0078125,0.8689722418785095,0.0,0.0,0.0,0.0,0.0,0.0
V97L,chr7:117530914:G>T,0.5132,0.0064377784729003,0.9789865612983704,0.0321149826049804,0.8596574068069458,0.0078125,0.8689722418785095,0.0,0.0,0.0,0.0,0.0,0.0
D806E,chr7:117592585:T>A,0.3824,0.0067114830017089,0.986702024936676,0.0324153900146484,0.8596574068069458,0.01171875,0.9267575740814208,0.0,0.0,0.0,0.0,0.0,0.0
D806E,chr7:117592585:T>G,0.3824,0.0067114830017089,0.986702024936676,0.0324153900146484,0.8596574068069458,0.01171875,0.9267575740814208,0.0,0.0,0.0,0.0,0.0,0.0
K1165N,chr7:117627548:G>C,0.5555,0.0067286491394042,0.9870033264160156,0.0297527313232421,0.8438366651535034,0.01171875,0.9584248661994934,0.0,0.0,0.0,0.0,0.0,0.0
K1165N,chr7:117627548:G>T,0.5555,0.0067286491394042,0.9870033264160156,0.0297527313232421,0.8438366651535034,0.01171875,0.9584248661994934,0.0,0.0,0.0,0.0,0.0,0.0
M773I,chr7:117592486:G>A,0.5276,0.019078254699707,0.998866856098175,0.0320315361022949,0.8335760831832886,0.015625,0.9834346771240234,0.0,0.0,0.0,0.0,0.0,0.0
M773I,chr7:117592486:G>C,0.5276,0.019078254699707,0.998866856098175,0.0320315361022949,0.8335760831832886,0.015625,0.9834346771240234,0.0,0.0,0.0,0.0,0.0,0.0
M773I,chr7:117592486:G>T,0.5276,0.019078254699707,0.998866856098175,0.0320315361022949,0.8335760831832886,0.015625,0.9834346771240234,0.0,0.0,0.0,0.0,0.0,0.0
L1029F,chr7:117610617:G>T,0.399,0.0045716762542724,0.9653318524360656,0.0286543369293212,0.8335760831832886,0.01171875,0.9565467834472656,0.0,0.0,0.0,0.0,0.0,0.0
L1029F,chr7:117610617:G>C,0.399,0.0045716762542724,0.9653318524360656,0.0286543369293212,0.8335760831832886,0.01171875,0.9565467834472656,0.0,0.0,0.0,0.0,0.0,0.0
T164S,chr7:117534277:C>G,0.354,0.0073351860046386,0.9881423115730286,0.0284748077392578,0.8335760831832886,0.0234375,0.9916399717330932,0.0022311210632324,0.0235390663146973,0.015625,0.02360522747039795,0.5318007469177246,0.0038585662841797985
T164S,chr7:117534276:A>T,0.354,0.0051040649414062,0.9645370841026306,0.0049357414245605,0.3017753362655639,0.0390625,0.995498538017273,0.0022311210632324,0.0235390663146973,0.015625,0.02360522747039795,0.5318007469177246,0.0038585662841797985
K483N,chr7:117559520:G>T,0.501,0.0056819915771484,0.9785013794898988,0.0274968147277832,0.8263989090919495,0.015625,0.9733830094337464,0.0028305053710937006,0.006659746170044001,0.00390625,0.012495696544647217,0.07309114933013916,0.027502357959747425
K483N,chr7:117559520:G>C,0.501,0.0085124969482421,0.990997076034546,0.0208370685577392,0.7533077597618103,0.01171875,0.945880651473999,0.0028305053710937006,0.006659746170044001,0.00390625,0.012495696544647217,0.07309114933013916,0.027502357959747425
F433L,chr7:117548728:T>C,0.3664,0.0050849914550781,0.9729977250099182,0.0312306880950927,0.8263989090919495,0.01171875,0.9446873664855956,0.0007562637329100999,0.027190446853637702,0.00390625,0.0006215572357177734,0.567126989364624,0.04517322778701771
F433L,chr7:117548730:C>A,0.3664,0.0058412551879882,0.9723761677742004,0.004040241241455,0.2592719197273254,0.0078125,0.8995141386985779,0.0007562637329100999,0.027190446853637702,0.00390625,0.0006215572357177734,0.567126989364624,0.04517322778701771
F433L,chr7:117548730:C>G,0.3664,0.0058412551879882,0.9723761677742004,0.004040241241455,0.2592719197273254,0.0078125,0.8995141386985779,0.0007562637329100999,0.027190446853637702,0.00390625,0.0006215572357177734,0.567126989364624,0.04517322778701771
Q1012H,chr7:117610566:A>C,0.3867,0.0065081119537353,0.985755741596222,0.0276837348937988,0.8263989090919495,0.015625,0.9667057394981384,0.0,0.0,0.0,0.0,0.0,0.0
Q1012H,chr7:117610566:A>T,0.3867,0.0065081119537353,0.985755741596222,0.0276837348937988,0.8263989090919495,0.015625,0.9667057394981384,0.0,0.0,0.0,0.0,0.0,0.0
K335N,chr7:117540235:A>T,0.5496,0.0043373107910156,0.968339741230011,0.0310077667236328,0.8263989090919495,0.0078125,0.8608881235122681,0.0,0.0,0.0,0.0,0.0,0.0
K335N,chr7:117540235:A>C,0.5496,0.0043373107910156,0.968339741230011,0.0310077667236328,0.8263989090919495,0.0078125,0.8608881235122681,0.0,0.0,0.0,0.0,0.0,0.0
F1257L,chr7:117642491:T>G,0.4239,0.0041537284851074,0.9391029477119446,0.0309514999389648,0.8263989090919495,0.0078125,0.7013350129127502,0.0016407966613769002,0.015512943267822299,0.00390625,0.03567773103713978,0.21969085931777954,0.2342815399169922
F1257L,chr7:117642489:T>C,0.4239,0.0052564144134521,0.9747806787490844,0.030463695526123,0.8227062225341797,0.01171875,0.9356165528297424,0.0016407966613769002,0.015512943267822299,0.00390625,0.03567773103713978,0.21969085931777954,0.2342815399169922
F1257L,chr7:117642491:T>A,0.4239,0.0057945251464843,0.9729977250099182,0.0154385566711425,0.6067080497741699,0.0078125,0.8434670567512512,0.0016407966613769002,0.015512943267822299,0.00390625,0.03567773103713978,0.21969085931777954,0.2342815399169922
V1153L,chr7:117614702:G>C,0.3723,0.008979320526123,0.9925087690353394,0.0270485877990722,0.8227062225341797,0.01171875,0.9504151344299316,0.0,0.0,0.0,0.0,0.0,0.0
V1153L,chr7:117614702:G>T,0.3723,0.008979320526123,0.9925087690353394,0.0270485877990722,0.8227062225341797,0.01171875,0.9504151344299316,0.0,0.0,0.0,0.0,0.0,0.0
M498I,chr7:117559565:G>T,0.5102,0.0064878463745117,0.9854257106781006,0.0267591476440429,0.8189427852630615,0.0078125,0.8952656984329224,0.0,0.0,0.0,0.0,0.0,0.0
M498I,chr7:117559565:G>C,0.5102,0.0064878463745117,0.9854257106781006,0.0267591476440429,0.8189427852630615,0.0078125,0.8952656984329224,0.0,0.0,0.0,0.0,0.0,0.0
M498I,chr7:117559565:G>A,0.5102,0.0064878463745117,0.9854257106781006,0.0267591476440429,0.8189427852630615,0.0078125,0.8952656984329224,0.0,0.0,0.0,0.0,0.0,0.0
Q525H,chr7:117559646:A>T,0.4028,0.0043315887451171,0.96117502450943,0.0293829441070556,0.815107524394989,0.015625,0.968159317970276,0.0,0.0,0.0,0.0,0.0,0.0
Q525H,chr7:117559646:A>C,0.4028,0.0043315887451171,0.96117502450943,0.0293829441070556,0.815107524394989,0.015625,0.968159317970276,0.0,0.0,0.0,0.0,0.0,0.0
E193D,chr7:117534365:A>T,0.5502,0.0051865577697753,0.9717405438423156,0.0290286540985107,0.8111994862556458,0.02734375,0.9935016632080078,0.0,0.0,0.0,0.0,0.0,0.0
E193D,chr7:117534365:A>C,0.5502,0.0051865577697753,0.9717405438423156,0.0290286540985107,0.8111994862556458,0.02734375,0.9935016632080078,0.0,0.0,0.0,0.0,0.0,0.0
V1327L,chr7:117664703:G>T,0.3412,0.0044063329696655,0.96117502450943,0.0257940292358398,0.8111994862556458,0.07421875,0.9979875087738036,0.0,0.0,0.0,0.0,0.0,0.0
V1327L,chr7:117664703:G>C,0.3412,0.0044063329696655,0.96117502450943,0.0257940292358398,0.8111994862556458,0.07421875,0.9979875087738036,0.0,0.0,0.0,0.0,0.0,0.0
E379D,chr7:117542036:A>C,0.4498,0.0040516853332519,0.9363186359405518,0.0281462669372558,0.8031608462333679,0.01171875,0.9422261714935304,0.0,0.0,0.0,0.0,0.0,0.0
E379D,chr7:117542036:A>T,0.4498,0.0040516853332519,0.9363186359405518,0.0281462669372558,0.8031608462333679,0.01171875,0.9422261714935304,0.0,0.0,0.0,0.0,0.0,0.0
N445K,chr7:117548766:T>A,0.3927,0.0084161758422851,0.9943153262138368,0.028243064880371,0.8031608462333679,0.0078125,0.8930824995040894,0.0,0.0,0.0,0.0,0.0,0.0
N445K,chr7:117548766:T>G,0.3927,0.0084161758422851,0.9943153262138368,0.028243064880371,0.8031608462333679,0.0078125,0.8930824995040894,0.0,0.0,0.0,0.0,0.0,0.0
H1375Q,chr7:117664849:T>G,0.5264,0.009838581085205,0.9959750175476074,0.0246920585632324,0.7990282773971558,0.01171875,0.9584248661994934,0.0,0.0,0.0,0.0,0.0,0.0
H1375Q,chr7:117664849:T>A,0.5264,0.009838581085205,0.9959750175476074,0.0246920585632324,0.7990282773971558,0.01171875,0.9584248661994934,0.0,0.0,0.0,0.0,0.0,0.0
M156I,chr7:117531093:G>A,0.4482,0.0067324638366699,0.9820923805236816,0.0240836143493652,0.7948187589645386,0.05078125,0.9968836903572084,0.0,0.0,0.0,0.0,0.0,0.0
M156I,chr7:117531093:G>T,0.4482,0.0067324638366699,0.9820923805236816,0.0240836143493652,0.7948187589645386,0.05078125,0.9968836903572084,0.0,0.0,0.0,0.0,0.0,0.0
M156I,chr7:117531093:G>C,0.4482,0.0067324638366699,0.9820923805236816,0.0240836143493652,0.7948187589645386,0.05078125,0.9968836903572084,0.0,0.0,0.0,0.0,0.0,0.0
L1156F,chr7:117614713:G>T,0.3913,0.0235117673873901,0.999392032623291,0.0238709449768066,0.7905313372612,0.23828125,0.9996171593666076,0.0,0.0,0.0,0.0,0.0,0.0
L1156F,chr7:117614713:G>C,0.3913,0.0235117673873901,0.999392032623291,0.0238709449768066,0.7905313372612,0.23828125,0.9996171593666076,0.0,0.0,0.0,0.0,0.0,0.0
E1046D,chr7:117610668:A>T,0.4348,0.0113894939422607,0.996412754058838,0.0262889862060546,0.7861650586128235,0.046875,0.9961673021316528,0.0,0.0,0.0,0.0,0.0,0.0
E1046D,chr7:117610668:A>C,0.4348,0.0113894939422607,0.996412754058838,0.0262889862060546,0.7861650586128235,0.046875,0.9961673021316528,0.0,0.0,0.0,0.0,0.0,0.0
F229L,chr7:117535355:C>A,0.4205,0.0060057640075683,0.9820923805236816,0.0232167243957519,0.7861650586128235,0.0078125,0.729501485824585,0.0015552043914795,0.0015659332275391007,0.00390625,0.032986819744109996,0.05890852212905884,0.22799426317214966
F229L,chr7:117535355:C>G,0.4205,0.0060057640075683,0.9820923805236816,0.0232167243957519,0.7861650586128235,0.0078125,0.729501485824585,0.0015552043914795,0.0015659332275391007,0.00390625,0.032986819744109996,0.05890852212905884,0.22799426317214966
F229L,chr7:117535353:T>C,0.4205,0.0044505596160888,0.9491055607795716,0.0216507911682128,0.7272565364837646,0.01171875,0.9574957489967346,0.0015552043914795,0.0015659332275391007,0.00390625,0.032986819744109996,0.05890852212905884,0.22799426317214966
G1125R,chr7:117614618:G>C,0.4372,0.0044865608215332,0.9479485750198364,0.0232625007629394,0.7861650586128235,0.01171875,0.9565467834472656,0.0,0.0,0.0,0.0,0.0,0.0
G1125R,chr7:117614618:G>A,0.4372,0.0044865608215332,0.9479485750198364,0.0232625007629394,0.7861650586128235,0.01171875,0.9565467834472656,0.0,0.0,0.0,0.0,0.0,0.0
F994L,chr7:117606745:T>C,0.4239,0.005073070526123,0.9697458744049072,0.0258815288543701,0.7817187905311584,0.0078125,0.8791270852088928,0.0013799667358398004,0.0189561843872071,0.00390625,0.010632216930389404,0.38875898718833923,0.06792259216308594
F994L,chr7:117606747:C>A,0.4239,0.0064530372619628,0.9803780913352966,0.006925344467163,0.3929598033428192,0.01171875,0.9470496773719788,0.0013799667358398004,0.0189561843872071,0.00390625,0.010632216930389404,0.38875898718833923,0.06792259216308594
F994L,chr7:117606747:C>G,0.4239,0.0064530372619628,0.9803780913352966,0.006925344467163,0.3929598033428192,0.01171875,0.9470496773719788,0.0013799667358398004,0.0189561843872071,0.00390625,0.010632216930389404,0.38875898718833923,0.06792259216308594
L619F,chr7:117592024:G>T,0.5072,0.0065529346466064,0.9803780913352966,0.0226924419403076,0.7771916389465332,0.1015625,0.9986395835876464,0.0,0.0,0.0,0.0,0.0,0.0
L619F,chr7:117592024:G>C,0.5072,0.0065529346466064,0.9803780913352966,0.0226924419403076,0.7771916389465332,0.1015625,0.9986395835876464,0.0,0.0,0.0,0.0,0.0,0.0
T599S,chr7:117591962:A>T,0.3764,0.004183292388916,0.9584503769874572,0.0255489349365234,0.7771916389465332,0.02734375,0.9927128553390504,0.0008103847503662001,0.020449161529541,0.044921875,0.05129605531692494,0.53956638276577,0.0052277445793151855
T599S,chr7:117591963:C>G,0.3764,0.0033729076385498,0.9071543216705322,0.0050997734069824,0.2376252561807632,0.072265625,0.9979405999183656,0.0008103847503662001,0.020449161529541,0.044921875,0.05129605531692494,0.53956638276577,0.0052277445793151855
V322L,chr7:117540194:G>C,0.5411,0.0076847076416015,0.9872978925704956,0.0222022533416748,0.7725825905799866,0.01171875,0.9283083081245422,0.0,0.0,0.0,0.0,0.0,0.0
V322L,chr7:117540194:G>T,0.5411,0.0076847076416015,0.9872978925704956,0.0222022533416748,0.7725825905799866,0.01171875,0.9283083081245422,0.0,0.0,0.0,0.0,0.0,0.0
K857N,chr7:117595010:G>T,0.3494,0.0105260610580444,0.9967284798622132,0.0220115184783935,0.7725825905799866,0.11328125,0.9988152384757996,0.005397677421569801,0.0128307342529297,0.10546875,0.034684717655181996,0.3602922260761261,0.11252391338348389
K857N,chr7:117595010:G>C,0.3494,0.0051283836364746,0.9620437622070312,0.0091807842254638,0.4122903645038605,0.0078125,0.8862913250923157,0.005397677421569801,0.0128307342529297,0.10546875,0.034684717655181996,0.3602922260761261,0.11252391338348389
K1218N,chr7:117627707:A>T,0.4186,0.0105574131011962,0.9968757629394532,0.0237741470336914,0.7533077597618103,0.015625,0.962786078453064,0.0,0.0,0.0,0.0,0.0,0.0
K1218N,chr7:117627707:A>C,0.4186,0.0105574131011962,0.9968757629394532,0.0237741470336914,0.7533077597618103,0.015625,0.962786078453064,0.0,0.0,0.0,0.0,0.0,0.0
D1168E,chr7:117627557:C>G,0.5,0.0060291290283203,0.9816782474517822,0.0200929641723632,0.7431538105010986,0.01171875,0.9434693455696106,0.0,0.0,0.0,0.0,0.0,0.0
D1168E,chr7:117627557:C>A,0.5,0.0060291290283203,0.9816782474517822,0.0200929641723632,0.7431538105010986,0.01171875,0.9434693455696106,0.0,0.0,0.0,0.0,0.0,0.0
S1456R,chr7:117667033:C>A,0.3577,0.0065772533416748,0.9824972748756408,0.0195264816284179,0.737944483757019,0.01171875,0.9525450468063354,0.00032937526702890053,0.0033349990844726007,0.00390625,0.00189208984375,0.06338924169540405,0.21851491928100586
S1456R,chr7:117667033:C>G,0.3577,0.0065772533416748,0.9824972748756408,0.0195264816284179,0.737944483757019,0.01171875,0.9525450468063354,0.00032937526702890053,0.0033349990844726007,0.00390625,0.00189208984375,0.06338924169540405,0.21851491928100586
S1456R,chr7:117667031:A>C,0.3577,0.0062478780746459,0.9843893647193908,0.0161914825439453,0.674555242061615,0.0078125,0.7340301275253296,0.00032937526702890053,0.0033349990844726007,0.00390625,0.00189208984375,0.06338924169540405,0.21851491928100586
F430L,chr7:117548721:C>A,0.5611,0.0082817077636718,0.993008017539978,0.0221695899963378,0.7326456904411316,0.0625,0.9975242018699646,0.0027527809143066007,0.0068175792694091,0.04296875,0.02466827630996704,0.12593764066696167,0.009034991264343373
F430L,chr7:117548721:C>G,0.5611,0.0082817077636718,0.993008017539978,0.0221695899963378,0.7326456904411316,0.0625,0.9975242018699646,0.0027527809143066007,0.0068175792694091,0.04296875,0.02466827630996704,0.12593764066696167,0.009034991264343373
F430L,chr7:117548719:T>C,0.5611,0.0055289268493652,0.968339741230011,0.0153520107269287,0.6067080497741699,0.01953125,0.9884892106056212,0.0027527809143066007,0.0068175792694091,0.04296875,0.02466827630996704,0.12593764066696167,0.009034991264343373
M1210I,chr7:117627683:G>T,0.3561,0.0083606243133544,0.9934740662574768,0.0187804698944091,0.7217762470245361,0.01171875,0.9555776119232178,0.0,0.0,0.0,0.0,0.0,0.0
M1210I,chr7:117627683:G>C,0.3561,0.0083606243133544,0.9934740662574768,0.0187804698944091,0.7217762470245361,0.01171875,0.9555776119232178,0.0,0.0,0.0,0.0,0.0,0.0
M1210I,chr7:117627683:G>A,0.3561,0.0083606243133544,0.9934740662574768,0.0187804698944091,0.7217762470245361,0.01171875,0.9555776119232178,0.0,0.0,0.0,0.0,0.0,0.0
R1479S,chr7:117667102:G>T,0.5609,0.0100874900817871,0.9944446086883544,0.0182209014892578,0.7162038683891296,0.01171875,0.9219183325767516,0.0,0.0,0.0,0.0,0.0,0.0
R1479S,chr7:117667102:G>C,0.5609,0.0100874900817871,0.9944446086883544,0.0182209014892578,0.7162038683891296,0.01171875,0.9219183325767516,0.0,0.0,0.0,0.0,0.0,0.0
C866S,chr7:117595036:G>C,0.4015,0.0039482116699218,0.9502374529838562,0.0179851055145263,0.7105386853218079,0.015625,0.9715297222137452,0.0026888847351073993,0.012817621231079102,0.0,0.03014063835144043,0.47291342914104467,0.015272974967956321
C866S,chr7:117595035:T>A,0.4015,0.0066370964050292,0.9803780913352966,0.0051674842834472,0.2376252561807632,0.015625,0.9868026971817015,0.0026888847351073993,0.012817621231079102,0.0,0.03014063835144043,0.47291342914104467,0.015272974967956321
F711L,chr7:117592298:T>C,0.5213,0.0052917003631591,0.9759042859077454,0.0204877853393554,0.7105386853218079,0.0078125,0.8372776508331299,0.0035858154296875,0.0165753364562988,0.00390625,0.016252100467681885,0.5280307680368423,0.11203879117965687
F711L,chr7:117592300:T>A,0.5213,0.0088775157928466,0.9921563863754272,0.0039124488830566,0.1825079172849655,0.01171875,0.9493164420127868,0.0035858154296875,0.0165753364562988,0.00390625,0.016252100467681885,0.5280307680368423,0.11203879117965687
F711L,chr7:117592300:T>G,0.5213,0.0088775157928466,0.9921563863754272,0.0039124488830566,0.1825079172849655,0.01171875,0.9493164420127868,0.0035858154296875,0.0165753364562988,0.00390625,0.016252100467681885,0.5280307680368423,0.11203879117965687
F1450L,chr7:117667013:T>C,0.3778,0.0025482177734375,0.8893747329711914,0.0180916786193847,0.7105386853218079,0.0078125,0.8791270852088928,0.0044808387756347,0.0060300827026367,0.00390625,0.09465318918228138,0.198666512966156,0.04111415147781361
F1450L,chr7:117667015:T>A,0.3778,0.0070290565490722,0.9840279221534728,0.012061595916748,0.5118721723556519,0.01171875,0.9202412366867064,0.0044808387756347,0.0060300827026367,0.00390625,0.09465318918228138,0.198666512966156,0.04111415147781361
F1450L,chr7:117667015:T>G,0.3778,0.0070290565490722,0.9840279221534728,0.012061595916748,0.5118721723556519,0.01171875,0.9202412366867064,0.0044808387756347,0.0060300827026367,0.00390625,0.09465318918228138,0.198666512966156,0.04111415147781361
K64N,chr7:117509061:G>C,0.4523,0.0142233371734619,0.9986372590065002,0.0176827907562255,0.7047799229621887,0.1328125,0.9990590810775756,0.0,0.0,0.0,0.0,0.0,0.0
K64N,chr7:117509061:G>T,0.4523,0.0142233371734619,0.9986372590065002,0.0176827907562255,0.7047799229621887,0.1328125,0.9990590810775756,0.0,0.0,0.0,0.0,0.0,0.0
S1435R,chr7:117666968:A>C,0.443,0.0043497085571289,0.9753488302230836,0.0171585083007812,0.6929783225059509,0.01171875,0.932780385017395,0.003527164459228499,0.009074211120605502,0.0,0.013325154781341442,0.31970274448394775,0.010862052440643422
S1435R,chr7:117666970:C>A,0.443,0.0078768730163574,0.988673985004425,0.0080842971801757,0.3732755780220032,0.01171875,0.9219183325767516,0.003527164459228499,0.009074211120605502,0.0,0.013325154781341442,0.31970274448394775,0.010862052440643422
S1435R,chr7:117666970:C>G,0.443,0.0078768730163574,0.988673985004425,0.0080842971801757,0.3732755780220032,0.01171875,0.9219183325767516,0.003527164459228499,0.009074211120605502,0.0,0.013325154781341442,0.31970274448394775,0.010862052440643422
E1172D,chr7:117627569:A>C,0.5164,0.0058717727661132,0.9808213114738464,0.0181615352630615,0.6682193875312805,0.015625,0.9721609950065612,0.0,0.0,0.0,0.0,0.0,0.0
E1172D,chr7:117627569:A>T,0.5164,0.0058717727661132,0.9808213114738464,0.0181615352630615,0.6682193875312805,0.015625,0.9721609950065612,0.0,0.0,0.0,0.0,0.0,0.0
K254N,chr7:117536566:G>C,0.4776,0.0072872638702392,0.985755741596222,0.0157983303070068,0.6682193875312805,0.015625,0.9756724238395692,0.0,0.0,0.0,0.0,0.0,0.0
K254N,chr7:117536566:G>T,0.4776,0.0072872638702392,0.985755741596222,0.0157983303070068,0.6682193875312805,0.015625,0.9756724238395692,0.0,0.0,0.0,0.0,0.0,0.0
M245I,chr7:117535403:G>C,0.4709,0.0085545778274536,0.9937674403190612,0.0178556442260742,0.6617851257324219,0.0859375,0.9983261227607728,0.0,0.0,0.0,0.0,0.0,0.0
M245I,chr7:117535403:G>T,0.4709,0.0085545778274536,0.9937674403190612,0.0178556442260742,0.6617851257324219,0.0859375,0.9983261227607728,0.0,0.0,0.0,0.0,0.0,0.0
M245I,chr7:117535403:G>A,0.4709,0.0085545778274536,0.9937674403190612,0.0178556442260742,0.6617851257324219,0.0859375,0.9983261227607728,0.0,0.0,0.0,0.0,0.0,0.0
T262S,chr7:117536588:A>T,0.3583,0.0047402381896972,0.9637243747711182,0.0155324935913085,0.6617851257324219,0.01171875,0.9202412366867064,0.00024008750915529946,0.0025513172149657995,0.0,0.00818556547164917,0.062417805194854736,0.03630554676055919
T262S,chr7:117536589:C>G,0.3583,0.0045001506805419,0.955538809299469,0.0129811763763427,0.5993673205375671,0.01171875,0.9565467834472656,0.00024008750915529946,0.0025513172149657995,0.0,0.00818556547164917,0.062417805194854736,0.03630554676055919
S10R,chr7:117480124:C>A,0.4887,0.0292456150054931,0.9995390176773072,0.0152077674865722,0.6552518606185913,0.126953125,0.998968243598938,0.008338332176208503,0.0033721923828125,0.1015625,0.00028723478317282947,0.14337968826293945,0.0064241886138916016
S10R,chr7:117480124:C>G,0.4887,0.0292456150054931,0.9995390176773072,0.0152077674865722,0.6552518606185913,0.126953125,0.998968243598938,0.008338332176208503,0.0033721923828125,0.1015625,0.00028723478317282947,0.14337968826293945,0.0064241886138916016
S10R,chr7:117480122:A>C,0.4887,0.0209072828292846,0.9992517828941344,0.0118355751037597,0.5118721723556519,0.025390625,0.9925440549850464,0.008338332176208503,0.0033721923828125,0.1015625,0.00028723478317282947,0.14337968826293945,0.0064241886138916016
M394I,chr7:117542081:G>T,0.4733,0.0050854682922363,0.9620437622070312,0.0151255130767822,0.6552518606185913,0.015625,0.9767439365386964,0.0028883218765258997,0.0082235336303711,0.015625,0.030112624168395996,0.2622920572757721,0.017327189445495605
M394I,chr7:117542081:G>A,0.4733,0.0079737901687622,0.9921563863754272,0.0069019794464111,0.3929598033428192,0.03125,0.994071125984192,0.0028883218765258997,0.0082235336303711,0.015625,0.030112624168395996,0.2622920572757721,0.017327189445495605
M394I,chr7:117542081:G>C,0.4733,0.0079737901687622,0.9921563863754272,0.0069019794464111,0.3929598033428192,0.03125,0.994071125984192,0.0028883218765258997,0.0082235336303711,0.015625,0.030112624168395996,0.2622920572757721,0.017327189445495605
K377N,chr7:117542030:G>C,0.5571,0.0065226554870605,0.9803780913352966,0.0151982307434082,0.6552518606185913,0.01171875,0.9283083081245422,0.0,0.0,0.0,0.0,0.0,0.0
K377N,chr7:117542030:G>T,0.5571,0.0065226554870605,0.9803780913352966,0.0151982307434082,0.6552518606185913,0.01171875,0.9283083081245422,0.0,0.0,0.0,0.0,0.0,0.0
L983F,chr7:117606714:G>C,0.4699,0.007845401763916,0.9884111881256104,0.0151679515838623,0.6552518606185913,0.01171875,0.9396623969078064,0.0,0.0,0.0,0.0,0.0,0.0
L983F,chr7:117606714:G>T,0.4699,0.007845401763916,0.9884111881256104,0.0151679515838623,0.6552518606185913,0.01171875,0.9396623969078064,0.0,0.0,0.0,0.0,0.0,0.0
K1284N,chr7:117642572:A>C,0.4709,0.0039324760437011,0.9620437622070312,0.0175609588623046,0.6552518606185913,0.015625,0.9838063716888428,0.0,0.0,0.0,0.0,0.0,0.0
K1284N,chr7:117642572:A>T,0.4709,0.0039324760437011,0.9620437622070312,0.0175609588623046,0.6552518606185913,0.015625,0.9838063716888428,0.0,0.0,0.0,0.0,0.0,0.0
F405L,chr7:117548644:T>C,0.4307,0.0041133165359497,0.955538809299469,0.0171654224395751,0.6486190557479858,0.01171875,0.9493164420127868,0.0163328647613525,0.002999782562255802,0.14453125,0.043712973594665416,0.0718875527381897,0.049970030784607045
F405L,chr7:117548646:T>A,0.4307,0.0204461812973022,0.9992517828941344,0.0141656398773193,0.5767315030097961,0.15625,0.9992864727973938,0.0163328647613525,0.002999782562255802,0.14453125,0.043712973594665416,0.0718875527381897,0.049970030784607045
F405L,chr7:117548646:T>G,0.4307,0.0204461812973022,0.9992517828941344,0.0141656398773193,0.5767315030097961,0.15625,0.9992864727973938,0.0163328647613525,0.002999782562255802,0.14453125,0.043712973594665416,0.0718875527381897,0.049970030784607045
G646R,chr7:117592103:G>A,0.4169,0.0060362815856933,0.9759042859077454,0.0149149894714355,0.6486190557479858,0.01953125,0.990189015865326,0.0,0.0,0.0,0.0,0.0,0.0
G646R,chr7:117592103:G>C,0.4169,0.0060362815856933,0.9759042859077454,0.0149149894714355,0.6486190557479858,0.01953125,0.990189015865326,0.0,0.0,0.0,0.0,0.0,0.0
S641R,chr7:117592088:A>C,0.5636,0.0079665184020996,0.9923346042633056,0.014869213104248,0.6486190557479858,0.03125,0.9942055940628052,0.0021438598632811997,0.0055925846099854,0.01171875,0.004078149795532449,0.16273713111877441,0.0052030086517333984
S641R,chr7:117592090:C>A,0.5636,0.0101103782653808,0.996412754058838,0.0092766284942626,0.4858819246292114,0.01953125,0.9890025854110718,0.0021438598632811997,0.0055925846099854,0.01171875,0.004078149795532449,0.16273713111877441,0.0052030086517333984
S641R,chr7:117592090:C>G,0.5636,0.0101103782653808,0.996412754058838,0.0092766284942626,0.4858819246292114,0.01953125,0.9890025854110718,0.0021438598632811997,0.0055925846099854,0.01171875,0.004078149795532449,0.16273713111877441,0.0052030086517333984
W882R,chr7:117602850:T>C,0.3592,0.0057950019836425,0.9808213114738464,0.0147900581359863,0.6486190557479858,0.01171875,0.9219183325767516,0.0,0.0,0.0,0.0,0.0,0.0
W882R,chr7:117602850:T>A,0.3592,0.0057950019836425,0.9808213114738464,0.0147900581359863,0.6486190557479858,0.01171875,0.9219183325767516,0.0,0.0,0.0,0.0,0.0,0.0
I106L,chr7:117530941:A>T,0.5096,0.0155153274536132,0.998866856098175,0.0148291587829589,0.6486190557479858,0.0390625,0.995393931865692,0.0,0.0,0.0,0.0,0.0,0.0
I106L,chr7:117530941:A>C,0.5096,0.0155153274536132,0.998866856098175,0.0148291587829589,0.6486190557479858,0.0390625,0.995393931865692,0.0,0.0,0.0,0.0,0.0,0.0
Q2H,chr7:117480100:G>T,0.5615,0.029764175415039,0.9995598196983336,0.0146241188049316,0.6418862342834473,0.103515625,0.9986705183982848,0.0,0.0,0.0,0.0,0.0,0.0
Q2H,chr7:117480100:G>C,0.5615,0.029764175415039,0.9995598196983336,0.0146241188049316,0.6418862342834473,0.103515625,0.9986705183982848,0.0,0.0,0.0,0.0,0.0,0.0
F409L,chr7:117548656:T>C,0.3411,0.0049295425415039,0.9710904955863952,0.0168018341064453,0.6418862342834473,0.015625,0.9826659560203552,0.0009768009185790998,0.004388570785522499,0.0,0.010587751865387074,0.11318892240524292,0.0032042860984802246
F409L,chr7:117548658:T>A,0.3411,0.005906343460083,0.9816782474517822,0.0124132633209228,0.5286973118782043,0.015625,0.9858702421188354,0.0009768009185790998,0.004388570785522499,0.0,0.010587751865387074,0.11318892240524292,0.0032042860984802246
F409L,chr7:117548658:T>G,0.3411,0.005906343460083,0.9816782474517822,0.0124132633209228,0.5286973118782043,0.015625,0.9858702421188354,0.0009768009185790998,0.004388570785522499,0.0,0.010587751865387074,0.11318892240524292,0.0032042860984802246
K14N,chr7:117480136:A>C,0.5434,0.1382145881652832,0.999942183494568,0.0169973373413085,0.6418862342834473,0.03515625,0.9945909976959229,0.0,0.0,0.0,0.0,0.0,0.0
K14N,chr7:117480136:A>T,0.5434,0.1382145881652832,0.999942183494568,0.0169973373413085,0.6418862342834473,0.03515625,0.9945909976959229,0.0,0.0,0.0,0.0,0.0,0.0
F429L,chr7:117548716:T>C,0.3805,0.0047652721405029,0.9676127433776855,0.0168030261993408,0.6418862342834473,0.0078125,0.8885958194732666,0.0070803165435791,0.0034391880035400998,0.1640625,0.030071675777435303,0.08871221542358398,0.1107969880104066
F429L,chr7:117548718:C>A,0.3805,0.011845588684082,0.9976844191551208,0.0133638381958007,0.5531740188598633,0.171875,0.9993928074836732,0.0070803165435791,0.0034391880035400998,0.1640625,0.030071675777435303,0.08871221542358398,0.1107969880104066
F429L,chr7:117548718:C>G,0.3805,0.011845588684082,0.9976844191551208,0.0133638381958007,0.5531740188598633,0.171875,0.9993928074836732,0.0070803165435791,0.0034391880035400998,0.1640625,0.030071675777435303,0.08871221542358398,0.1107969880104066
R29S,chr7:117504286:A>T,0.3631,0.0128116607666015,0.9980743527412416,0.0143938064575195,0.6350529789924622,0.015625,0.9721609950065612,0.0,0.0,0.0,0.0,0.0,0.0
R29S,chr7:117504286:A>C,0.3631,0.0128116607666015,0.9980743527412416,0.0143938064575195,0.6350529789924622,0.015625,0.9721609950065612,0.0,0.0,0.0,0.0,0.0,0.0
L454F,chr7:117548793:G>C,0.4896,0.005044937133789,0.9690506458282472,0.0141260623931884,0.6281188726425171,0.01171875,0.9383409023284912,0.0,0.0,0.0,0.0,0.0,0.0
L454F,chr7:117548793:G>T,0.4896,0.005044937133789,0.9690506458282472,0.0141260623931884,0.6281188726425171,0.01171875,0.9383409023284912,0.0,0.0,0.0,0.0,0.0,0.0
M645I,chr7:117592102:G>T,0.4208,0.0118460655212402,0.9968757629394532,0.0136456489562988,0.6210835576057434,0.02734375,0.9931968450546264,0.0060887336730957,0.0088496208190918,0.00390625,0.024499595165252797,0.3943723440170288,0.0008742809295656517
M645I,chr7:117592102:G>C,0.4208,0.0118460655212402,0.9968757629394532,0.0136456489562988,0.6210835576057434,0.02734375,0.9931968450546264,0.0060887336730957,0.0088496208190918,0.00390625,0.024499595165252797,0.3943723440170288,0.0008742809295656517
M645I,chr7:117592102:G>A,0.4208,0.0057573318481445,0.9723761677742004,0.004796028137207,0.2267112135887146,0.03125,0.994071125984192,0.0060887336730957,0.0088496208190918,0.00390625,0.024499595165252797,0.3943723440170288,0.0008742809295656517
V862L,chr7:117595023:G>C,0.3955,0.0043110847473144,0.955538809299469,0.0136680603027343,0.6210835576057434,0.0234375,0.991248607635498,0.0,0.0,0.0,0.0,0.0,0.0
V862L,chr7:117595023:G>T,0.3955,0.0043110847473144,0.955538809299469,0.0136680603027343,0.6210835576057434,0.0234375,0.991248607635498,0.0,0.0,0.0,0.0,0.0,0.0
K1302N,chr7:117652874:A>C,0.3413,0.0082068443298339,0.9894274473190308,0.0160403251647949,0.6210835576057434,0.01806640625,0.988223671913147,0.0,0.0,0.0,0.0,0.0,0.0
K1302N,chr7:117652874:A>T,0.3413,0.0082068443298339,0.9894274473190308,0.0160403251647949,0.6210835576057434,0.01806640625,0.988223671913147,0.0,0.0,0.0,0.0,0.0,0.0
R735S,chr7:117592372:G>C,0.3613,0.0053465366363525,0.9661091566085817,0.0133876800537109,0.6139467358589172,0.0078125,0.9036087989807128,0.0,0.0,0.0,0.0,0.0,0.0
R735S,chr7:117592372:G>T,0.3613,0.0053465366363525,0.9661091566085817,0.0133876800537109,0.6139467358589172,0.0078125,0.9036087989807128,0.0,0.0,0.0,0.0,0.0,0.0
Q179H,chr7:117534323:A>T,0.5055,0.0034852027893066,0.925572156906128,0.0153565406799316,0.6067080497741699,0.01171875,0.9470496773719788,0.0,0.0,0.0,0.0,0.0,0.0
Q179H,chr7:117534323:A>C,0.5055,0.0034852027893066,0.925572156906128,0.0153565406799316,0.6067080497741699,0.01171875,0.9470496773719788,0.0,0.0,0.0,0.0,0.0,0.0
F693L,chr7:117592244:T>C,0.4856,0.0079889297485351,0.988673985004425,0.0151929855346679,0.5993673205375671,0.0078125,0.8308925628662109,0.0009151697158813997,0.0023493766784667986,0.0078125,0.005770623683929332,0.062409281730651855,0.14879679679870605
F693L,chr7:117592246:T>G,0.4856,0.0089040994644165,0.9944446086883544,0.0128436088562011,0.5369580388069153,0.015625,0.979689359664917,0.0009151697158813997,0.0023493766784667986,0.0078125,0.005770623683929332,0.062409281730651855,0.14879679679870605
F693L,chr7:117592246:T>A,0.4856,0.0089040994644165,0.9944446086883544,0.0128436088562011,0.5369580388069153,0.015625,0.979689359664917,0.0009151697158813997,0.0023493766784667986,0.0078125,0.005770623683929332,0.062409281730651855,0.14879679679870605
K688N,chr7:117592231:A>T,0.5602,0.0041813850402832,0.9513448476791382,0.012789249420166,0.5919244289398193,0.01171875,0.9283083081245422,0.0,0.0,0.0,0.0,0.0,0.0
K688N,chr7:117592231:A>C,0.5602,0.0041813850402832,0.9513448476791382,0.012789249420166,0.5919244289398193,0.01171875,0.9283083081245422,0.0,0.0,0.0,0.0,0.0,0.0
T94S,chr7:117530906:C>G,0.3409,0.0056493282318115,0.9710904955863952,0.0147285461425781,0.5919244289398193,0.01953125,0.9897304773330688,0.0032627582550048993,0.004559040069580101,0.01171875,0.02335411310195923,0.08005225658416748,0.004606544971465953
T94S,chr7:117530905:A>T,0.3409,0.0089120864868164,0.9944446086883544,0.010169506072998,0.5118721723556519,0.03125,0.9943370223045348,0.0032627582550048993,0.004559040069580101,0.01171875,0.02335411310195923,0.08005225658416748,0.004606544971465953
V1240L,chr7:117642438:G>C,0.3951,0.0424381494522094,0.9997224807739258,0.0122690200805664,0.5843791961669922,0.0859375,0.9984014630317688,0.0,0.0,0.0,0.0,0.0,0.0
V1240L,chr7:117642438:G>T,0.3951,0.0424381494522094,0.9997224807739258,0.0122690200805664,0.5843791961669922,0.0859375,0.9984014630317688,0.0,0.0,0.0,0.0,0.0,0.0
G542R,chr7:117587778:G>A,0.5296,0.0146443843841552,0.998118221759796,0.0121479034423828,0.5767315030097961,0.01953125,0.9884892106056212,0.0,0.0,0.0,0.0,0.0,0.0
G542R,chr7:117587778:G>C,0.5296,0.0146443843841552,0.998118221759796,0.0121479034423828,0.5767315030097961,0.01953125,0.9884892106056212,0.0,0.0,0.0,0.0,0.0,0.0
S1161R,chr7:117627534:A>C,0.368,0.0056962966918945,0.9794609546661376,0.0140471458435058,0.5767315030097961,0.01171875,0.9383409023284912,0.0012121200561524001,0.006031036376953101,0.00390625,0.03035539388656594,0.20345592498779297,0.07471263408660889
S1161R,chr7:117627536:C>G,0.368,0.0044841766357421,0.9491055607795716,0.0080161094665527,0.3732755780220032,0.0078125,0.8636282682418823,0.0012121200561524001,0.006031036376953101,0.00390625,0.03035539388656594,0.20345592498779297,0.07471263408660889
S1161R,chr7:117627536:C>A,0.368,0.0044841766357421,0.9491055607795716,0.0080161094665527,0.3732755780220032,0.0078125,0.8636282682418823,0.0012121200561524001,0.006031036376953101,0.00390625,0.03035539388656594,0.20345592498779297,0.07471263408660889
L617F,chr7:117592018:A>C,0.4304,0.0078122615814208,0.98786723613739,0.013627290725708,0.5611288547515869,0.1171875,0.9988422393798828,0.0,0.0,0.0,0.0,0.0,0.0
L617F,chr7:117592018:A>T,0.4304,0.0078122615814208,0.98786723613739,0.013627290725708,0.5611288547515869,0.1171875,0.9988422393798828,0.0,0.0,0.0,0.0,0.0,0.0
M1137L,chr7:117614654:A>T,0.4997,0.0079429149627685,0.9921563863754272,0.0132346153259277,0.5531740188598633,0.01171875,0.9545878767967224,0.0,0.0,0.0,0.0,0.0,0.0
M1137L,chr7:117614654:A>C,0.4997,0.0079429149627685,0.9921563863754272,0.0132346153259277,0.5531740188598633,0.01171875,0.9545878767967224,0.0,0.0,0.0,0.0,0.0,0.0
K612N,chr7:117592003:A>T,0.3631,0.0085062980651855,0.990997076034546,0.0129947662353515,0.5451170206069946,0.0546875,0.9970238208770752,0.0028738975524901997,0.006554365158081,0.01953125,0.021251201629638783,0.24334168434143072,0.002072930335998424
K612N,chr7:117592003:A>C,0.3631,0.0056324005126953,0.9697458744049072,0.0064404010772705,0.3017753362655639,0.03515625,0.9949508905410768,0.0028738975524901997,0.006554365158081,0.01953125,0.021251201629638783,0.24334168434143072,0.002072930335998424
L387F,chr7:117542060:A>C,0.4531,0.0088934898376464,0.9931669235229492,0.0131270885467529,0.5451170206069946,0.0078125,0.9015804529190063,0.0,0.0,0.0,0.0,0.0,0.0
L387F,chr7:117542060:A>T,0.4531,0.0088934898376464,0.9931669235229492,0.0131270885467529,0.5451170206069946,0.0078125,0.9015804529190063,0.0,0.0,0.0,0.0,0.0,0.0
K698N,chr7:117592261:G>C,0.5402,0.0086135864257812,0.990997076034546,0.0107951164245605,0.5369580388069153,0.0078125,0.7765870094299316,0.0,0.0,0.0,0.0,0.0,0.0
K698N,chr7:117592261:G>T,0.5402,0.0086135864257812,0.990997076034546,0.0107951164245605,0.5369580388069153,0.0078125,0.7765870094299316,0.0,0.0,0.0,0.0,0.0,0.0
S431R,chr7:117548722:A>C,0.4391,0.006291389465332,0.9785013794898988,0.0109057426452636,0.5369580388069153,0.01171875,0.9446873664855956,0.0009565353393555,0.0073463916778564,0.01171875,0.008501946926116832,0.2993327826261521,0.04635882377624523
S431R,chr7:117548724:T>A,0.4391,0.0072479248046875,0.9870033264160156,0.0035593509674072,0.2376252561807632,0.0234375,0.9910461902618408,0.0009565353393555,0.0073463916778564,0.01171875,0.008501946926116832,0.2993327826261521,0.04635882377624523
S431R,chr7:117548724:T>G,0.4391,0.0072479248046875,0.9870033264160156,0.0035593509674072,0.2376252561807632,0.0234375,0.9910461902618408,0.0009565353393555,0.0073463916778564,0.01171875,0.008501946926116832,0.2993327826261521,0.04635882377624523
T604S,chr7:117591978:C>G,0.5065,0.0041890144348144,0.9524281620979308,0.0128774642944335,0.5369580388069153,0.140625,0.9991615414619446,0.0015206336975097995,0.0104811191558837,0.1328125,0.019312381744384766,0.44493125379085546,0.15569448471069336
T604S,chr7:117591977:A>T,0.5065,0.0057096481323242,0.9717405438423156,0.0023963451385498,0.0920267850160598,0.0078125,0.8434670567512512,0.0015206336975097995,0.0104811191558837,0.1328125,0.019312381744384766,0.44493125379085546,0.15569448471069336
L24F,chr7:117504271:G>T,0.4223,0.117377758026123,0.9999434947967528,0.0100476741790771,0.5118721723556519,0.03515625,0.9947137236595154,0.0,0.0,0.0,0.0,0.0,0.0
L24F,chr7:117504271:G>C,0.4223,0.117377758026123,0.9999434947967528,0.0100476741790771,0.5118721723556519,0.03515625,0.9947137236595154,0.0,0.0,0.0,0.0,0.0,0.0
E282D,chr7:117536650:A>T,0.5369,0.0065441131591796,0.9863937497138976,0.0117454528808593,0.5033085942268372,0.01171875,0.9584248661994934,0.0,0.0,0.0,0.0,0.0,0.0
E282D,chr7:117536650:A>C,0.5369,0.0065441131591796,0.9863937497138976,0.0117454528808593,0.5033085942268372,0.01171875,0.9584248661994934,0.0,0.0,0.0,0.0,0.0,0.0
F78L,chr7:117509101:T>C,0.4463,0.0160822868347167,0.9984351396560668,0.0116817951202392,0.5033085942268372,0.0234375,0.991248607635498,0.0010318756103515,0.0020933151245117014,0.0078125,0.00013786554336558954,0.07205188274383545,0.002956986427307129
F78L,chr7:117509103:C>G,0.4463,0.0150504112243652,0.9985730051994324,0.0095884799957275,0.4312567114830017,0.03125,0.9942055940628052,0.0010318756103515,0.0020933151245117014,0.0078125,0.00013786554336558954,0.07205188274383545,0.002956986427307129
F78L,chr7:117509103:C>A,0.4463,0.0150504112243652,0.9985730051994324,0.0095884799957275,0.4312567114830017,0.03125,0.9942055940628052,0.0010318756103515,0.0020933151245117014,0.0078125,0.00013786554336558954,0.07205188274383545,0.002956986427307129
L610F,chr7:117591997:A>T,0.4264,0.0069743394851684,0.988673985004425,0.0112323760986328,0.4858819246292114,0.06640625,0.997741997241974,0.0,0.0,0.0,0.0,0.0,0.0
L610F,chr7:117591997:A>C,0.4264,0.0069743394851684,0.988673985004425,0.0112323760986328,0.4858819246292114,0.06640625,0.997741997241974,0.0,0.0,0.0,0.0,0.0,0.0
M1157L,chr7:117627522:A>C,0.4502,0.0054898262023925,0.9824972748756408,0.0108149051666259,0.477020114660263,0.015625,0.9739742875099182,0.0,0.0,0.0,0.0,0.0,0.0
M1157L,chr7:117627522:A>T,0.4502,0.0054898262023925,0.9824972748756408,0.0108149051666259,0.477020114660263,0.015625,0.9739742875099182,0.0,0.0,0.0,0.0,0.0,0.0
L88F,chr7:117509133:A>C,0.5005,0.0088586807250976,0.992678999900818,0.0089111328125,0.4680601954460144,0.03125,0.9942055940628052,0.0,0.0,0.0,0.0,0.0,0.0
L88F,chr7:117509133:A>T,0.5005,0.0088586807250976,0.992678999900818,0.0089111328125,0.4680601954460144,0.03125,0.9942055940628052,0.0,0.0,0.0,0.0,0.0,0.0
M1140L,chr7:117614663:A>C,0.3682,0.0141892433166503,0.9980743527412416,0.0106902122497558,0.4680601954460144,0.01171875,0.9481947422027588,0.0,0.0,0.0,0.0,0.0,0.0
M1140L,chr7:117614663:A>T,0.3682,0.0141892433166503,0.9980743527412416,0.0106902122497558,0.4680601954460144,0.01171875,0.9481947422027588,0.0,0.0,0.0,0.0,0.0,0.0
H1350Q,chr7:117664774:C>A,0.3957,0.013185977935791,0.9975186586380004,0.0103373527526855,0.4590030312538147,0.03515625,0.9947137236595154,0.0,0.0,0.0,0.0,0.0,0.0
H1350Q,chr7:117664774:C>G,0.3957,0.013185977935791,0.9975186586380004,0.0103373527526855,0.4590030312538147,0.03515625,0.9947137236595154,0.0,0.0,0.0,0.0,0.0,0.0
G366R,chr7:117540326:G>A,0.3592,0.008833885192871,0.9943153262138368,0.0104603767395019,0.4590030312538147,0.05078125,0.996737003326416,0.0,0.0,0.0,0.0,0.0,0.0
G366R,chr7:117540326:G>C,0.3592,0.008833885192871,0.9943153262138368,0.0104603767395019,0.4590030312538147,0.05078125,0.996737003326416,0.0,0.0,0.0,0.0,0.0,0.0
T339S,chr7:117540246:C>G,0.4037,0.0038142204284667,0.9479485750198364,0.0084829330444335,0.4590030312538147,0.0078125,0.7805644273757935,0.0025572776794433997,0.0059616565704345,0.0,0.030552804470062367,0.2764951139688492,0.05032813549041748
T339S,chr7:117540245:A>T,0.4037,0.0063714981079101,0.9785013794898988,0.002521276473999,0.1825079172849655,0.0078125,0.8308925628662109,0.0025572776794433997,0.0059616565704345,0.0,0.030552804470062367,0.2764951139688492,0.05032813549041748
L1227F,chr7:117627734:A>T,0.4924,0.0312298536300659,0.9996423721313475,0.0074892044067382,0.4122903645038605,0.0859375,0.9983642101287842,0.0,0.0,0.0,0.0,0.0,0.0
L1227F,chr7:117627734:A>C,0.4924,0.0312298536300659,0.9996423721313475,0.0074892044067382,0.4122903645038605,0.0859375,0.9983642101287842,0.0,0.0,0.0,0.0,0.0,0.0
W882C,chr7:117602852:G>T,0.3747,0.0036745071411132,0.9204502701759338,0.0091018676757812,0.4122903645038605,0.01171875,0.9584248661994934,0.0,0.0,0.0,0.0,0.0,0.0
W882C,chr7:117602852:G>C,0.3747,0.0036745071411132,0.9204502701759338,0.0091018676757812,0.4122903645038605,0.01171875,0.9584248661994934,0.0,0.0,0.0,0.0,0.0,0.0
L1258F,chr7:117642494:G>C,0.4594,0.0107337236404418,0.9968757629394532,0.0067925453186035,0.383161187171936,0.0234375,0.9916399717330932,0.0,0.0,0.0,0.0,0.0,0.0
L1258F,chr7:117642494:G>T,0.4594,0.0107337236404418,0.9968757629394532,0.0067925453186035,0.383161187171936,0.0234375,0.9916399717330932,0.0,0.0,0.0,0.0,0.0,0.0
M348L,chr7:117540272:A>T,0.4577,0.0059468746185302,0.976978361606598,0.0083098411560058,0.383161187171936,0.01171875,0.9584248661994934,0.0,0.0,0.0,0.0,0.0,0.0
M348L,chr7:117540272:A>C,0.4577,0.0059468746185302,0.976978361606598,0.0083098411560058,0.383161187171936,0.01171875,0.9584248661994934,0.0,0.0,0.0,0.0,0.0,0.0
L1243F,chr7:117642449:G>C,0.4359,0.0056886672973632,0.9799246788024902,0.006411075592041,0.3732755780220032,0.015625,0.9688629508018494,0.0,0.0,0.0,0.0,0.0,0.0
L1243F,chr7:117642449:G>T,0.4359,0.0056886672973632,0.9799246788024902,0.006411075592041,0.3732755780220032,0.015625,0.9688629508018494,0.0,0.0,0.0,0.0,0.0,0.0
T844S,chr7:117594969:A>T,0.4863,0.0076019763946533,0.9872978925704956,0.008124828338623,0.3732755780220032,0.01171875,0.9251760244369508,0.010175585746765102,0.00808978080749507,0.2109375,0.01178133487701416,0.33868142589926725,0.07443219423294056
T844S,chr7:117594970:C>G,0.4863,0.0177775621414184,0.9990792274475098,3.504753112792969e-05,0.0345941521227359,0.22265625,0.9996082186698914,0.010175585746765102,0.00808978080749507,0.2109375,0.01178133487701416,0.33868142589926725,0.07443219423294056
K1363N,chr7:117664813:G>C,0.4408,0.0062949657440185,0.9847427010536194,0.007875919342041,0.3633044362068176,0.046875,0.9964227080345154,0.0,0.0,0.0,0.0,0.0,0.0
K1363N,chr7:117664813:G>T,0.4408,0.0062949657440185,0.9847427010536194,0.007875919342041,0.3633044362068176,0.046875,0.9964227080345154,0.0,0.0,0.0,0.0,0.0,0.0
W79C,chr7:117509106:G>C,0.4751,0.016457200050354,0.9989425539970398,0.0078654289245605,0.3633044362068176,0.5283203125,0.9998846054077148,0.0,0.0,0.0,0.0,0.0,0.0
W79C,chr7:117509106:G>T,0.4751,0.016457200050354,0.9989425539970398,0.0078654289245605,0.3633044362068176,0.5283203125,0.9998846054077148,0.0,0.0,0.0,0.0,0.0,0.0
T296S,chr7:117540117:C>G,0.4886,0.0043637752532958,0.9443220496177672,0.0063235759735107,0.3633044362068176,0.0078125,0.8885958194732666,0.0007467269897460005,0.004194974899291999,0.0078125,0.013945817947387584,0.28272759169340145,0.07419025897979736
T296S,chr7:117540116:A>T,0.4886,0.0036170482635498,0.9303762316703796,0.0021286010742187,0.0805768445134162,0.015625,0.962786078453064,0.0007467269897460005,0.004194974899291999,0.0078125,0.013945817947387584,0.28272759169340145,0.07419025897979736
D651E,chr7:117592120:C>A,0.3731,0.0042966604232788,0.9584503769874572,0.006291389465332,0.3633044362068176,0.01171875,0.9545878767967224,0.0,0.0,0.0,0.0,0.0,0.0
D651E,chr7:117592120:C>G,0.3731,0.0042966604232788,0.9584503769874572,0.006291389465332,0.3633044362068176,0.01171875,0.9545878767967224,0.0,0.0,0.0,0.0,0.0,0.0
C76S,chr7:117509095:T>A,0.3478,0.0130500793457031,0.9975186586380004,0.0079257488250732,0.3633044362068176,0.01171875,0.9555776119232178,0.0059878826141358,0.007868528366088826,0.0078125,0.008336663246154785,0.31719321012496954,0.033424973487854004
C76S,chr7:117509096:G>C,0.3478,0.0070621967315673,0.9891819953918456,5.7220458984375e-05,0.0461112260818481,0.01953125,0.9890025854110718,0.0059878826141358,0.007868528366088826,0.0078125,0.008336663246154785,0.31719321012496954,0.033424973487854004
D1152E,chr7:117614701:T>G,0.3697,0.0057592391967773,0.9717405438423156,0.0062108039855957,0.3633044362068176,0.0078125,0.9036087989807128,0.0,0.0,0.0,0.0,0.0,0.0
D1152E,chr7:117614701:T>A,0.3697,0.0057592391967773,0.9717405438423156,0.0062108039855957,0.3633044362068176,0.0078125,0.9036087989807128,0.0,0.0,0.0,0.0,0.0,0.0
I1151L,chr7:117614696:A>C,0.4171,0.0049200057983398,0.9690506458282472,0.0056290626525878,0.3328941762447357,0.0078125,0.8209431171417236,0.0,0.0,0.0,0.0,0.0,0.0
I1151L,chr7:117614696:A>T,0.4171,0.0049200057983398,0.9690506458282472,0.0056290626525878,0.3328941762447357,0.0078125,0.8209431171417236,0.0,0.0,0.0,0.0,0.0,0.0
K381N,chr7:117542042:G>C,0.4356,0.0040569305419921,0.937725841999054,0.0065078735351562,0.3017753362655639,0.01953125,0.9892507195472716,0.0,0.0,0.0,0.0,0.0,0.0
K381N,chr7:117542042:G>T,0.4356,0.0040569305419921,0.937725841999054,0.0065078735351562,0.3017753362655639,0.01953125,0.9892507195472716,0.0,0.0,0.0,0.0,0.0,0.0
H620Q,chr7:117592027:T>G,0.4167,0.0060570240020751,0.9753488302230836,0.0046436786651611,0.2912537455558777,0.6210453510284424,0.9999018311500548,0.0,0.0,0.0,0.0,0.0,0.0
H620Q,chr7:117592027:T>A,0.4167,0.0060570240020751,0.9753488302230836,0.0046436786651611,0.2912537455558777,0.6210453510284424,0.9999018311500548,0.0,0.0,0.0,0.0,0.0,0.0
C592S,chr7:117591941:T>A,0.3794,0.0049240589141845,0.9710904955863952,0.0041689872741699,0.2699998915195465,0.0859375,0.9983642101287842,0.0008032321929931996,0.0013186931610108003,0.0390625,0.0,0.1437807828187943,0.001860201358795166
C592S,chr7:117591942:G>C,0.3794,0.0057272911071777,0.9710904955863952,0.0028502941131591,0.1262191087007522,0.046875,0.996504008769989,0.0008032321929931996,0.0013186931610108003,0.0390625,0.0,0.1437807828187943,0.001860201358795166
S821R,chr7:117592628:A>C,0.4088,0.0029067993164062,0.8869386911392212,0.0042886734008789,0.2699998915195465,0.0078125,0.8552693724632263,0.000770092010498,0.0005216598510741997,0.0,0.036962389945984,0.04328867793083191,0.05033034086227406
S821R,chr7:117592630:T>G,0.4088,0.0036768913269042,0.9239010810852052,0.0048103332519531,0.2267112135887146,0.0078125,0.9055997133255004,0.000770092010498,0.0005216598510741997,0.0,0.036962389945984,0.04328867793083191,0.05033034086227406
S821R,chr7:117592630:T>A,0.4088,0.0036768913269042,0.9239010810852052,0.0048103332519531,0.2267112135887146,0.0078125,0.9055997133255004,0.000770092010498,0.0005216598510741997,0.0,0.036962389945984,0.04328867793083191,0.05033034086227406
K1292N,chr7:117652844:A>T,0.5086,0.0047883987426757,0.9653318524360656,0.003847599029541,0.2484796196222305,0.01953125,0.9894933104515076,0.0018105506896973003,0.0036900043487549,0.00390625,0.02074652910232566,0.2254117373377085,0.0017552971839904785
K1292N,chr7:117652844:A>C,0.5086,0.006598949432373,0.9860783815383912,0.0001575946807861,0.023067882284522,0.0234375,0.991248607635498,0.0018105506896973003,0.0036900043487549,0.00390625,0.02074652910232566,0.2254117373377085,0.0017552971839904785
