protein_name,minigene_result,source,variant_id,hgvs_c,dist_bp,am_pathogenicity,gm_splice_raw,gm_splice_q,cm_splice_501_dls,cm_splice_501_l2d,cm_splice_501_l2l,spliceai_max_delta,pangolin_max,cadd_phred
Lys163Met,positive,Zhang 2025,chr7:117531113:A>T,NM_000492.4:c.488A>T,1,0.9226,0.6080474853515625,0.9999459385871887,0.48604971170425415,0.6296775937080383,0.4856470227241516,0.0,0.0,32.0
Asp249Tyr,negative,Zhang 2025,chr7:117536549:G>T,NM_000492.4:c.745G>T,1,0.1872,0.0078125,0.7472856640815735,0.00228118896484375,0.005524998530745506,0.0032980539835989475,0.0,0.0,27.6
Asp373Tyr,positive,Zhang 2025,chr7:117542016:G>T,NM_000492.4:c.1117G>T,0,0.1698,0.0625,0.9984551072120667,0.06888914108276367,0.07812515646219254,0.04740508273243904,0.0,0.0,34.0
Asn396Tyr,negative,Zhang 2025,chr7:117542085:A>T,NM_000492.4:c.1186A>T,23,0.2156,0.01953125,0.9929426908493042,0.018890380859375,0.022778237238526344,0.013583160005509853,0.0,0.0,32.0
Glu403Asp_T,positive,Zhang 2025,chr7:117542108:G>T,NM_000492.4:c.1209G>T,0,0.1997,0.7686767578125,0.9999760389328003,1.310105562210083,1.0765091180801392,0.7931780219078064,0.0,0.0,32.0
Thr1053Ser,negative,Zhang 2025,chr7:117611598:A>T,NM_000492.4:c.3157A>T,17,0.1149,0.236328125,0.9997600317001343,0.11861026287078857,0.2403290569782257,0.155731663107872,0.0,0.0,21.8
Lys1080Arg,positive,Zhang 2025,chr7:117611680:A>G,NM_000492.4:c.3239A>G,99,0.1398,0.01171875,0.9451111555099487,0.008068680763244629,0.012518550269305706,0.00753403827548027,0.0,0.0,33.0
Gly1123Arg,positive,Zhang 2025,chr7:117611808:G>C,NM_000492.4:c.3367G>C,0,0.2718,0.8084707260131836,0.9999828934669495,1.1340867280960083,1.0106452703475952,0.7253319025039673,0.0,0.0,26.7
Arg55Lys,negative,Bergougnoux 2023,chr7:117504363:G>A,NM_000492.4:c.164G>A,0,0.1511,0.30859375,0.9998346567153931,0.34843772649765015,0.37826162576675415,0.2403389811515808,0.0,0.0,25.4
Arg74Gln,negative,Bergougnoux 2023,chr7:117509090:G>A,NM_000492.4:c.221G>A,52,0.0821,0.08203125,0.9988985657691956,0.10501527786254883,0.10804154723882675,0.06977017968893051,0.0,0.0,21.8
Glu92Lys,positive,Bergougnoux 2023,chr7:117530899:G>A,NM_000492.4:c.274G>A,0,0.9443,0.0703125,0.9986506104469299,0.07520723342895508,0.08128439635038376,0.051348358392715454,0.0,0.0,33.0
Ile175Val,positive,Bergougnoux 2023,chr7:117534309:A>G,NM_000492.4:c.523A>G,33,0.1899,0.742919921875,0.9999696016311646,0.025257110595703125,1.0309479236602783,0.7732792496681213,0.0,0.0,34.0
Thr351Ser,negative,Bergougnoux 2023,chr7:117540282:C>G,NM_000492.4:c.1052C>G,64,0.5733,0.0078125,0.7536302804946899,0.0025025606155395508,0.003907627426087856,0.002379834884777665,0.0,0.0,25.0
Glu403Asp_C,positive,Bergougnoux 2023,chr7:117542108:G>C,NM_000492.4:c.1209G>C,0,0.1997,0.7679367065429688,0.9999760389328003,1.182431936264038,1.0155576467514038,0.7369920015335083,0.0,0.0,32.0
Met469Val,negative,Bergougnoux 2023,chr7:117559476:A>G,NM_000492.4:c.1405A>G,12,0.5106,0.0078125,0.7601675987243652,0.004763484001159668,,,0.01,0.0,25.7
Arg560Lys,positive,Bergougnoux 2023,chr7:117587833:G>A,NM_000492.4:c.1679G>A,0,0.7883,0.29296875,0.9998169541358948,0.3916212320327759,0.4061194956302643,0.25989118218421936,0.0,0.0,34.0
Ile918Met,negative,Bergougnoux 2023,chr7:117603628:T>G,NM_000492.4:c.2754T>G,96,0.3669,0.0078125,0.8608881235122681,0.006948590278625488,,,0.22,0.0,23.8
Gly970Arg,positive,Bergougnoux 2023,chr7:117603782:G>C,NM_000492.4:c.2908G>C,0,0.6568,0.7616286277770996,0.9999743700027466,0.8965215682983398,0.8577634692192078,0.6239571571350098,0.0,0.0,34.0
Gly970Val,positive,Bergougnoux 2023,chr7:117606674:G>T,NM_000492.4:c.2909G>T,0,0.44,0.1875,0.9994589686393738,0.20181477069854736,,,0.95,0.0,27.9
Gly970Asp,negative,Bergougnoux 2023,chr7:117606674:G>A,NM_000492.4:c.2909G>A,0,0.7638,0.0234375,0.9944244623184204,0.02608811855316162,0.030508873984217644,0.01827882044017315,0.0,0.0,32.0
Gly1069Arg,negative,Bergougnoux 2023,chr7:117611646:G>A,NM_000492.4:c.3205G>A,65,0.3115,0.01171875,0.9615312814712524,0.0023186206817626953,0.014084430411458015,0.008219914510846138,0.0,0.0,25.0
Arg1070Gln,negative,Bergougnoux 2023,chr7:117611650:G>A,NM_000492.4:c.3209G>A,69,0.398,0.015625,0.962786078453064,0.006786704063415527,,,0.01,0.0,32.0
Ala1364Val,negative,Bergougnoux 2023,chr7:117664815:C>T,NM_000492.4:c.4091C>T,45,0.6871,0.1015625,0.9991878271102905,0.11466050148010254,0.133043110370636,0.07879997044801712,0.0,0.0,32.0
