protein_variant,variant_id_project,gnomad_variant_id,gnomad_hgvsp,am_pathogenicity,am_class,gnomad_exome_af,gnomad_genome_af,gnomad_max_af
F1413V,chr7:117665559:T>G,,,0.5604,ambiguous,,,
F1413I,chr7:117665559:T>A,,,0.4875,ambiguous,,,
Q1411H,chr7:117665555:A>T,,,0.3573,ambiguous,,,
Q1411H,chr7:117665555:A>C,7-117665555-A-C,p.Gln1411His,0.3573,ambiguous,1.7862589965621386e-05,,1.7862589965621386e-05
E1409K,chr7:117665547:G>A,7-117665547-G-A,p.Glu1409Lys,0.5114,ambiguous,6.8533237935066124e-06,1.3141295206055508e-05,1.3141295206055508e-05
L1414W,chr7:117665563:T>G,,,0.5601,ambiguous,,,
Q1411L,chr7:117665554:A>T,,,0.4621,ambiguous,,,
R1386S,chr7:117665480:A>T,7-117665480-A-T,p.Arg1386Ser,0.3444,ambiguous,6.864501602861124e-07,,6.864501602861124e-07
R1386S,chr7:117665480:A>C,,,0.3444,ambiguous,,,
Q1412P,chr7:117665557:A>C,,,0.5479,ambiguous,,,
P960H,chr7:117603753:C>A,,,0.3567,ambiguous,,,
M1407I,chr7:117665543:G>A,,,0.4587,ambiguous,,,
M1407I,chr7:117665543:G>C,,,0.4587,ambiguous,,,
Q958P,chr7:117603747:A>C,,,0.3762,ambiguous,,,
A1406P,chr7:117665538:G>C,7-117665538-G-C,p.Ala1406Pro,0.4532,ambiguous,6.84776728547657e-07,,6.84776728547657e-07
F1016Y,chr7:117610577:T>A,,,0.5306,ambiguous,,,
C1395S,chr7:117665505:T>A,,,0.4598,ambiguous,,,
C1395G,chr7:117665505:T>G,,,0.4523,ambiguous,,,
F1016C,chr7:117610577:T>G,,,0.4973,ambiguous,,,
F1016S,chr7:117610577:T>C,7-117610577-T-C,p.Phe1016Ser,0.5117,ambiguous,1.3686555969801984e-06,,1.3686555969801984e-06
V1397L,chr7:117665511:G>C,,,0.5099,ambiguous,,,
V1397L,chr7:117665511:G>T,,,0.5099,ambiguous,,,
L927V,chr7:117603653:C>G,,,0.4098,ambiguous,,,
L927I,chr7:117603653:C>A,,,0.3768,ambiguous,,,
H950P,chr7:117603723:A>C,,,0.4846,ambiguous,,,
C1395S,chr7:117665506:G>C,,,0.4598,ambiguous,,,
M961I,chr7:117603757:G>A,,,0.4706,ambiguous,,,
E1409V,chr7:117665548:A>T,,,0.5247,ambiguous,,,
V208M,chr7:117535290:G>A,7-117535290-G-A,p.Val208Met,0.407,ambiguous,6.840553537592262e-07,,6.840553537592262e-07
H954P,chr7:117603735:A>C,,,0.367,ambiguous,,,
M961T,chr7:117603756:T>C,7-117603756-T-C,p.Met961Thr,0.3986,ambiguous,4.104882484055952e-06,1.9707540104844112e-05,1.9707540104844112e-05
T940P,chr7:117603692:A>C,,,0.5181,ambiguous,,,
L964R,chr7:117603765:T>G,,,0.5376,ambiguous,,,
L948F,chr7:117603718:A>C,7-117603718-A-C,p.Leu948Phe,0.424,ambiguous,6.841199344339455e-07,,6.841199344339455e-07
L964H,chr7:117603765:T>A,,,0.4371,ambiguous,,,
L948F,chr7:117603718:A>T,7-117603718-A-T,p.Leu948Phe,0.424,ambiguous,2.0523598033018364e-06,,2.0523598033018364e-06
R1385T,chr7:117665476:G>C,,,0.4052,ambiguous,,,
R1385I,chr7:117665476:G>T,,,0.4597,ambiguous,,,
V905L,chr7:117603587:G>C,7-117603587-G-C,p.Val905Leu,0.353,ambiguous,3.0787966694261805e-05,,3.0787966694261805e-05
V905L,chr7:117603587:G>T,,,0.353,ambiguous,,,
N965K,chr7:117603769:C>G,,,0.4224,ambiguous,,,
N965K,chr7:117603769:C>A,7-117603769-C-A,p.Asn965Lys,0.4224,ambiguous,8.894532735985637e-06,2.6283281204825612e-05,2.6283281204825612e-05
I1384F,chr7:117665472:A>T,,,0.3661,ambiguous,,,
L218S,chr7:117535321:T>C,,,0.4719,ambiguous,,,
L218W,chr7:117535321:T>G,,,0.5234,ambiguous,,,
S955F,chr7:117603738:C>T,7-117603738-C-T,p.Ser955Phe,0.3695,ambiguous,6.841882721919887e-07,,6.841882721919887e-07
Q1390P,chr7:117665491:A>C,,,0.345,ambiguous,,,
M952L,chr7:117603728:A>C,,,0.3681,ambiguous,,,
L130V,chr7:117531013:C>G,7-117531013-C-G,p.Leu130Val,0.4233,ambiguous,1.7792303596919467e-05,1.969848190366129e-05,1.969848190366129e-05
M952V,chr7:117603728:A>G,7-117603728-A-G,p.Met952Val,0.4994,ambiguous,6.841171263249639e-07,,6.841171263249639e-07
L130I,chr7:117531013:C>A,,,0.4442,ambiguous,,,
M952L,chr7:117603728:A>T,,,0.3681,ambiguous,,,
L1324V,chr7:117664694:C>G,,,0.4364,ambiguous,,,
L1324F,chr7:117664694:C>T,,,0.5621,ambiguous,,,
I1427S,chr7:117666945:T>G,,,0.5357,ambiguous,,,
L1346V,chr7:117664760:C>G,,,0.4542,ambiguous,,,
L1346I,chr7:117664760:C>A,,,0.362,ambiguous,,,
I1427T,chr7:117666945:T>C,7-117666945-T-C,p.Ile1427Thr,0.5145,ambiguous,6.841040221211877e-07,,6.841040221211877e-07
H1054Y,chr7:117611601:C>T,7-117611601-C-T,p.His1054Tyr,0.4443,ambiguous,2.7429875523224875e-06,6.576956973547479e-06,6.576956973547479e-06
K946I,chr7:117603711:A>T,7-117603711-A-T,p.Lys946Ile,0.4749,ambiguous,1.3682155322563652e-06,,1.3682155322563652e-06
V1007A,chr7:117610550:T>C,,,0.5424,ambiguous,,,
V956A,chr7:117603741:T>C,,,0.4674,ambiguous,,,
K968T,chr7:117603777:A>C,,,0.3571,ambiguous,,,
I215F,chr7:117535311:A>T,,,0.4767,ambiguous,,,
R1325S,chr7:117664699:A>T,7-117664699-A-T,p.Arg1325Ser,0.352,ambiguous,2.736614534159791e-06,,2.736614534159791e-06
R1325S,chr7:117664699:A>C,7-117664699-A-C,p.Arg1325Ser,0.352,ambiguous,6.841536335399477e-07,,6.841536335399477e-07
I1404R,chr7:117665533:T>G,,,0.482,ambiguous,,,
K593I,chr7:117591945:A>T,,,0.4554,ambiguous,,,
F191Y,chr7:117534358:T>A,,,0.5337,ambiguous,,,
S158T,chr7:117531098:G>C,7-117531098-G-C,p.Ser158Thr,0.4121,ambiguous,1.8485984200645502e-05,6.572547782422378e-06,1.8485984200645502e-05
H939D,chr7:117603689:C>G,7-117603689-C-G,p.His939Asp,0.4532,ambiguous,6.841133822155149e-07,1.314146790196465e-05,1.314146790196465e-05
Q1039R,chr7:117610646:A>G,7-117610646-A-G,p.Gln1039Arg,0.5066,ambiguous,6.843100033804915e-07,,6.843100033804915e-07
T940I,chr7:117603693:C>T,7-117603693-C-T,p.Thr940Ile,0.3507,ambiguous,1.368209916238189e-06,,1.368209916238189e-06
L548V,chr7:117587796:C>G,,,0.3493,ambiguous,,,
T547K,chr7:117587794:C>A,,,0.4562,ambiguous,,,
T547R,chr7:117587794:C>G,7-117587794-C-G,p.Thr547Arg,0.3668,ambiguous,1.3705295040738989e-06,,1.3705295040738989e-06
L548M,chr7:117587796:C>A,,,0.387,ambiguous,,,
L926W,chr7:117603651:T>G,,,0.5556,ambiguous,,,
M961I,chr7:117603757:G>C,,,0.4706,ambiguous,,,
T910I,chr7:117603603:C>T,,,0.5475,ambiguous,,,
M961I,chr7:117603757:G>T,7-117603757-G-T,p.Met961Ile,0.4706,ambiguous,3.4207915711695687e-06,,3.4207915711695687e-06
V208G,chr7:117535291:T>G,7-117535291-T-G,p.Val208Gly,0.4353,ambiguous,6.840544178970525e-07,,6.840544178970525e-07
V944L,chr7:117603704:G>C,,,0.3563,ambiguous,,,
V944L,chr7:117603704:G>T,,,0.3563,ambiguous,,,
M1407I,chr7:117665543:G>T,,,0.4587,ambiguous,,,
Y1032S,chr7:117610625:A>C,,,0.4104,ambiguous,,,
I853S,chr7:117594997:T>G,,,0.3696,ambiguous,,,
F626V,chr7:117592043:T>G,,,0.5252,ambiguous,,,
I853N,chr7:117594997:T>A,,,0.5514,ambiguous,,,
I142T,chr7:117531050:T>C,,,0.5503,ambiguous,,,
I1051M,chr7:117611594:T>G,,,0.4553,ambiguous,,,
H939L,chr7:117603690:A>T,,,0.3801,ambiguous,,,
V920A,chr7:117603633:T>C,,,0.3915,ambiguous,,,
I1328T,chr7:117664707:T>C,7-117664707-T-C,p.Ile1328Thr,0.3548,ambiguous,2.1892946229555752e-05,1.9700034146725853e-05,2.1892946229555752e-05
Y1381D,chr7:117665463:T>G,,,0.3651,ambiguous,,,
H949Y,chr7:117603719:C>T,7-117603719-C-T,p.His949Tyr,0.5036,ambiguous,3.420651155153895e-06,,3.420651155153895e-06
S10I,chr7:117480123:G>T,,,0.3942,ambiguous,,,
L211V,chr7:117535299:C>G,,,0.3864,ambiguous,,,
L211I,chr7:117535299:C>A,,,0.435,ambiguous,,,
V1322A,chr7:117664689:T>C,,,0.3493,ambiguous,,,
L1368M,chr7:117664826:C>A,,,0.4212,ambiguous,,,
T1095I,chr7:117611725:C>T,,,0.4875,ambiguous,,,
A1374V,chr7:117664845:C>T,7-117664845-C-T,p.Ala1374Val,0.3974,ambiguous,6.841611226810358e-07,,6.841611226810358e-07
A1374G,chr7:117664845:C>G,7-117664845-C-G,p.Ala1374Gly,0.3858,ambiguous,1.3683222453620716e-06,,1.3683222453620716e-06
I1366L,chr7:117664820:A>C,,,0.4176,ambiguous,,,
S1362R,chr7:117664808:A>C,,,0.5107,ambiguous,,,
K1363M,chr7:117664812:A>T,,,0.4438,ambiguous,,,
D1336V,chr7:117664731:A>T,,,0.4843,ambiguous,,,
K1363T,chr7:117664812:A>C,,,0.3529,ambiguous,,,
F1437C,chr7:117666975:T>G,,,0.4638,ambiguous,,,
I907S,chr7:117603594:T>G,7-117603594-T-G,p.Ile907Ser,0.4807,ambiguous,1.3682904169044072e-06,,1.3682904169044072e-06
A141V,chr7:117531047:C>T,,,0.4306,ambiguous,,,
I907N,chr7:117603594:T>A,,,0.5074,ambiguous,,,
I907T,chr7:117603594:T>C,,,0.4147,ambiguous,,,
G144C,chr7:117531055:G>T,,,0.4828,ambiguous,,,
I331T,chr7:117540222:T>C,7-117540222-T-C,p.Ile331Thr,0.4663,ambiguous,,,
I331N,chr7:117540222:T>A,,,0.5485,ambiguous,,,
G970C,chr7:117603782:G>T,,,0.4905,ambiguous,,,
K163R,chr7:117531113:A>G,,,0.4,ambiguous,,,
L1091F,chr7:117611714:G>T,7-117611714-G-T,p.Leu1091Phe,0.3484,ambiguous,6.842444504353847e-07,,6.842444504353847e-07
K951N,chr7:117603727:A>T,,,0.3504,ambiguous,,,
K951N,chr7:117603727:A>C,,,0.3504,ambiguous,,,
L1091F,chr7:117611714:G>C,7-117611714-G-C,p.Leu1091Phe,0.3484,ambiguous,1.3684889008707694e-06,,1.3684889008707694e-06
Q359K,chr7:117540305:C>A,,,0.472,ambiguous,,,
E1417V,chr7:117666915:A>T,,,0.5631,ambiguous,,,
E1417A,chr7:117666915:A>C,,,0.3647,ambiguous,,,
I1015T,chr7:117610574:T>C,,,0.5616,ambiguous,,,
V922L,chr7:117603638:G>T,,,0.3616,ambiguous,,,
V922L,chr7:117603638:G>C,7-117603638-G-C,p.Val922Leu,0.3616,ambiguous,1.368209916238189e-06,,1.368209916238189e-06
V938M,chr7:117603686:G>A,7-117603686-G-A,p.Val938Met,0.4032,ambiguous,6.841133822155149e-07,6.570733950982325e-06,6.570733950982325e-06
V938L,chr7:117603686:G>T,7-117603686-G-T,p.Val938Leu,0.4965,ambiguous,1.3682267644310298e-06,,1.3682267644310298e-06
H139Y,chr7:117531040:C>T,7-117531040-C-T,p.His139Tyr,0.476,ambiguous,6.842294686684484e-07,,6.842294686684484e-07
H139N,chr7:117531040:C>A,,,0.4667,ambiguous,,,
V938L,chr7:117603686:G>C,7-117603686-G-C,p.Val938Leu,0.4965,ambiguous,3.4205669110775745e-06,1.9712201852946975e-05,1.9712201852946975e-05
M929I,chr7:117603661:G>T,,,0.3401,ambiguous,,,
M929I,chr7:117603661:G>C,,,0.3401,ambiguous,,,
V591F,chr7:117591938:G>T,,,0.3401,ambiguous,,,
V1415A,chr7:117666909:T>C,,,0.406,ambiguous,,,
V1415G,chr7:117666909:T>G,7-117666909-T-G,p.Val1415Gly,0.5231,ambiguous,1.3682904169044072e-06,,1.3682904169044072e-06
M929I,chr7:117603661:G>A,,,0.3401,ambiguous,,,
F533C,chr7:117587752:T>G,,,0.4948,ambiguous,,,
I154L,chr7:117531085:A>C,,,0.4069,ambiguous,,,
I154L,chr7:117531085:A>T,,,0.4069,ambiguous,,,
S118P,chr7:117530977:T>C,,,0.3973,ambiguous,,,
F626I,chr7:117592043:T>A,,,0.5394,ambiguous,,,
A1018G,chr7:117610583:C>G,,,0.4239,ambiguous,,,
V905G,chr7:117603588:T>G,,,0.514,ambiguous,,,
K26I,chr7:117504276:A>T,7-117504276-A-T,p.Lys26Ile,0.5176,ambiguous,,6.571252086372537e-06,6.571252086372537e-06
K26T,chr7:117504276:A>C,7-117504276-A-C,p.Lys26Thr,0.4106,ambiguous,6.856876418516309e-07,,6.856876418516309e-07
V905A,chr7:117603588:T>C,,,0.4485,ambiguous,,,
L1055F,chr7:117611604:C>T,,,0.478,ambiguous,,,
G226A,chr7:117535345:G>C,,,0.3987,ambiguous,,,
Q634H,chr7:117592069:A>T,,,0.4235,ambiguous,,,
E257V,chr7:117536574:A>T,,,0.3567,ambiguous,,,
T1064I,chr7:117611632:C>T,,,0.4972,ambiguous,,,
Q634H,chr7:117592069:A>C,,,0.4235,ambiguous,,,
P1021T,chr7:117610591:C>A,7-117610591-C-A,p.Pro1021Thr,0.5438,ambiguous,3.422121414130076e-06,,3.422121414130076e-06
P1021A,chr7:117610591:C>G,,,0.4265,ambiguous,,,
R1403W,chr7:117665529:A>T,7-117665529-A-T,p.Arg1403Trp,0.3957,ambiguous,,6.568144499178982e-06,6.568144499178982e-06
E217V,chr7:117535318:A>T,,,0.4683,ambiguous,,,
E217A,chr7:117535318:A>C,,,0.3876,ambiguous,,,
L145V,chr7:117531058:C>G,,,0.3696,ambiguous,,,
K1060T,chr7:117611620:A>C,,,0.4693,ambiguous,,,
F1052Y,chr7:117611596:T>A,,,0.5233,ambiguous,,,
A1087T,chr7:117611700:G>A,,,0.3988,ambiguous,,,
F932S,chr7:117603669:T>C,,,0.3402,ambiguous,,,
E1405G,chr7:117665536:A>G,,,0.3455,ambiguous,,,
S945T,chr7:117603707:T>A,,,0.4698,ambiguous,,,
H146R,chr7:117531062:A>G,,,0.5247,ambiguous,,,
L541F,chr7:117587775:C>T,,,0.4502,ambiguous,,,
Q1038E,chr7:117610642:C>G,7-117610642-C-G,p.Gln1038Glu,0.3849,ambiguous,,,
Q1038K,chr7:117610642:C>A,,,0.4212,ambiguous,,,
L1077R,chr7:117611671:T>G,,,0.4337,ambiguous,,,
I203L,chr7:117535275:A>C,,,0.4039,ambiguous,,,
L1356F,chr7:117664792:G>T,,,0.3601,ambiguous,,,
R303K,chr7:117540138:G>A,,,0.4035,ambiguous,,,
L1356F,chr7:117664792:G>C,,,0.3601,ambiguous,,,
E217K,chr7:117535317:G>A,7-117535317-G-A,p.Glu217Lys,0.3552,ambiguous,6.840628407488026e-07,,6.840628407488026e-07
W1310L,chr7:117652897:G>T,,,0.4863,ambiguous,,,
W1310S,chr7:117652897:G>C,,,0.5159,ambiguous,,,
F1337I,chr7:117664733:T>A,,,0.5116,ambiguous,,,
F1337V,chr7:117664733:T>G,7-117664733-T-G,p.Phe1337Val,0.4411,ambiguous,3.420609032597036e-05,1.9711424741780336e-05,3.420609032597036e-05
K1389E,chr7:117665487:A>G,,,0.3669,ambiguous,,,
A1440P,chr7:117666983:G>C,,,0.5507,ambiguous,,,
S1442R,chr7:117666991:C>G,7-117666991-C-G,p.Ser1442Arg,0.43,ambiguous,6.841227425659802e-07,,6.841227425659802e-07
K830N,chr7:117592657:G>C,,,0.4413,ambiguous,,,
F653S,chr7:117592125:T>C,,,0.3506,ambiguous,,,
L214V,chr7:117535308:C>G,7-117535308-C-G,p.Leu214Val,0.3424,ambiguous,7.524773606924981e-06,,7.524773606924981e-06
K830N,chr7:117592657:G>T,,,0.4413,ambiguous,,,
S1442R,chr7:117666991:C>A,7-117666991-C-A,p.Ser1442Arg,0.43,ambiguous,1.3682454851319603e-06,,1.3682454851319603e-06
L619V,chr7:117592022:T>G,,,0.3414,ambiguous,,,
L1059F,chr7:117611618:A>C,,,0.3827,ambiguous,,,
F1331Y,chr7:117664716:T>A,,,0.3411,ambiguous,,,
L1059F,chr7:117611618:A>T,,,0.3827,ambiguous,,,
F992Y,chr7:117606740:T>A,,,0.4826,ambiguous,,,
Y563F,chr7:117590361:A>T,,,0.3633,ambiguous,,,
P1050L,chr7:117611590:C>T,,,0.4886,ambiguous,,,
S1094L,chr7:117611722:C>T,,,0.3712,ambiguous,,,
I1117S,chr7:117611791:T>G,,,0.4844,ambiguous,,,
I1106T,chr7:117611758:T>C,7-117611758-T-C,p.Ile1106Thr,0.3957,ambiguous,1.369296537596775e-06,,1.369296537596775e-06
E1405K,chr7:117665535:G>A,7-117665535-G-A,p.Glu1405Lys,0.353,ambiguous,6.846510812694526e-07,,6.846510812694526e-07
I1106S,chr7:117611758:T>G,7-117611758-T-G,p.Ile1106Ser,0.4964,ambiguous,6.846482687983875e-07,,6.846482687983875e-07
F931S,chr7:117603666:T>C,,,0.3497,ambiguous,,,
I336L,chr7:117540236:A>C,,,0.3844,ambiguous,,,
A1357T,chr7:117664793:G>A,7-117664793-G-A,p.Ala1357Thr,0.4913,ambiguous,6.841152542651166e-07,,6.841152542651166e-07
K532N,chr7:117587750:G>C,,,0.3519,ambiguous,,,
I336L,chr7:117540236:A>T,,,0.3844,ambiguous,,,
K532N,chr7:117587750:G>T,7-117587750-G-T,p.Lys532Asn,0.3519,ambiguous,6.873069526596717e-07,6.570647603027754e-06,6.570647603027754e-06
E1469D,chr7:117667072:G>C,,,0.4444,ambiguous,,,
E1469D,chr7:117667072:G>T,,,0.4444,ambiguous,,,
R3S,chr7:117480103:G>T,,,0.4623,ambiguous,,,
N1148H,chr7:117614687:A>C,,,0.4652,ambiguous,,,
N1148Y,chr7:117614687:A>T,,,0.4721,ambiguous,,,
R1102T,chr7:117611746:G>C,,,0.366,ambiguous,,,
R1102I,chr7:117611746:G>T,,,0.4504,ambiguous,,,
R3S,chr7:117480103:G>C,,,0.4623,ambiguous,,,
F81V,chr7:117509110:T>G,,,0.5489,ambiguous,,,
K946N,chr7:117603712:A>T,,,0.4206,ambiguous,,,
F833S,chr7:117594937:T>C,,,0.409,ambiguous,,,
K946N,chr7:117603712:A>C,7-117603712-A-C,p.Lys946Asn,0.4206,ambiguous,6.841030861258421e-07,,6.841030861258421e-07
Q1330P,chr7:117664713:A>C,,,0.4726,ambiguous,,,
L165V,chr7:117534279:T>G,,,0.4422,ambiguous,,,
K1292T,chr7:117652843:A>C,,,0.3446,ambiguous,,,
Y913H,chr7:117603611:T>C,,,0.4064,ambiguous,,,
V915G,chr7:117603618:T>G,,,0.3752,ambiguous,,,
Y913N,chr7:117603611:T>A,,,0.3936,ambiguous,,,
H139P,chr7:117531041:A>C,7-117531041-A-C,p.His139Pro,0.4831,ambiguous,2.0526518893976423e-06,,2.0526518893976423e-06
Q767H,chr7:117592468:G>C,,,0.4329,ambiguous,,,
Q767H,chr7:117592468:G>T,,,0.4329,ambiguous,,,
I906T,chr7:117603591:T>C,7-117603591-T-C,p.Ile906Thr,0.3889,ambiguous,6.841592503803926e-07,,6.841592503803926e-07
L165I,chr7:117534279:T>A,,,0.3893,ambiguous,,,
Y913D,chr7:117603611:T>G,,,0.5574,ambiguous,,,
H139L,chr7:117531041:A>T,,,0.5413,ambiguous,,,
I906N,chr7:117603591:T>A,,,0.3542,ambiguous,,,
I906S,chr7:117603591:T>G,7-117603591-T-G,p.Ile906Ser,0.4729,ambiguous,6.841592503803926e-07,,6.841592503803926e-07
P1013T,chr7:117610567:C>A,,,0.5341,ambiguous,,,
D1152N,chr7:117614699:G>A,,,0.3851,ambiguous,,,
Q1042H,chr7:117610656:A>C,,,0.4066,ambiguous,,,
Q1042H,chr7:117610656:A>T,,,0.4066,ambiguous,,,
V397L,chr7:117542088:G>C,7-117542088-G-C,p.Val397Leu,0.418,ambiguous,6.937372178917603e-07,,6.937372178917603e-07
V1345L,chr7:117664757:G>C,,,0.3796,ambiguous,,,
Q1382P,chr7:117665467:A>C,,,0.4031,ambiguous,,,
V397L,chr7:117542088:G>T,,,0.418,ambiguous,,,
N187T,chr7:117534346:A>C,,,0.397,ambiguous,,,
T1036A,chr7:117610636:A>G,7-117610636-A-G,p.Thr1036Ala,0.4398,ambiguous,6.842968917866581e-07,,6.842968917866581e-07
E1172Q,chr7:117627567:G>C,7-117627567-G-C,p.Glu1172Gln,0.4332,ambiguous,6.844598858594694e-07,,6.844598858594694e-07
I1000M,chr7:117610530:T>G,,,0.3747,ambiguous,,,
L1361F,chr7:117664805:C>T,,,0.5194,ambiguous,,,
E1172K,chr7:117627567:G>A,,,0.4592,ambiguous,,,
F533V,chr7:117587751:T>G,,,0.3717,ambiguous,,,
L6P,chr7:117480111:T>C,,,0.5009,ambiguous,,,
M244I,chr7:117535400:G>T,,,0.4613,ambiguous,,,
M244I,chr7:117535400:G>C,,,0.4613,ambiguous,,,
Y247S,chr7:117535408:A>C,,,0.4178,ambiguous,,,
M244I,chr7:117535400:G>A,7-117535400-G-A,p.Met244Ile,0.4613,ambiguous,6.84081558939783e-07,,6.84081558939783e-07
T1036S,chr7:117610636:A>T,,,0.4239,ambiguous,,,
V1022L,chr7:117610594:G>C,,,0.4133,ambiguous,,,
V1022L,chr7:117610594:G>T,,,0.4133,ambiguous,,,
S1049N,chr7:117611587:G>A,7-117611587-G-A,p.Ser1049Asn,0.3641,ambiguous,2.076892083302757e-06,,2.076892083302757e-06
S1049I,chr7:117611587:G>T,,,0.4586,ambiguous,,,
V1022M,chr7:117610594:G>A,7-117610594-G-A,p.Val1022Met,0.3595,ambiguous,6.843755688871917e-07,1.3145613965900278e-05,1.3145613965900278e-05
A155G,chr7:117531089:C>G,,,0.3573,ambiguous,,,
L1367M,chr7:117664823:T>A,,,0.3557,ambiguous,,,
R734S,chr7:117592369:A>C,,,0.5186,ambiguous,,,
I1230T,chr7:117627742:T>C,7-117627742-T-C,p.Ile1230Thr,0.376,ambiguous,1.917196292142371e-05,6.574449061168674e-06,1.917196292142371e-05
K1060E,chr7:117611619:A>G,,,0.3654,ambiguous,,,
R734S,chr7:117592369:A>T,,,0.5186,ambiguous,,,
I1230S,chr7:117627742:T>G,,,0.5485,ambiguous,,,
V440F,chr7:117548749:G>T,,,0.5142,ambiguous,,,
V440L,chr7:117548749:G>C,,,0.536,ambiguous,,,
A923T,chr7:117603641:G>A,,,0.4783,ambiguous,,,
H939Q,chr7:117603691:T>G,,,0.3836,ambiguous,,,
H939Q,chr7:117603691:T>A,7-117603691-T-A,p.His939Gln,0.3836,ambiguous,6.841040221211877e-07,,6.841040221211877e-07
L602F,chr7:117591973:G>C,,,0.3658,ambiguous,,,
F319L,chr7:117540187:T>G,,,0.5618,ambiguous,,,
F319L,chr7:117540187:T>A,,,0.5618,ambiguous,,,
L602F,chr7:117591973:G>T,,,0.3658,ambiguous,,,
Y325D,chr7:117540203:T>G,,,0.5027,ambiguous,,,
L1369I,chr7:117664829:C>A,,,0.3801,ambiguous,,,
F1166I,chr7:117627549:T>A,,,0.5178,ambiguous,,,
F640Y,chr7:117592086:T>A,,,0.3539,ambiguous,,,
F1166V,chr7:117627549:T>G,,,0.5307,ambiguous,,,
S1347G,chr7:117664763:A>G,,,0.5487,ambiguous,,,
F640C,chr7:117592086:T>G,,,0.5264,ambiguous,,,
S1347C,chr7:117664763:A>T,,,0.4181,ambiguous,,,
V97L,chr7:117530914:G>C,7-117530914-G-C,p.Val97Leu,0.5132,ambiguous,4.1098536481115905e-06,,4.1098536481115905e-06
A1466D,chr7:117667062:C>A,,,0.3531,ambiguous,,,
D806E,chr7:117592585:T>A,,,0.3824,ambiguous,,,
D806E,chr7:117592585:T>G,,,0.3824,ambiguous,,,
N268Y,chr7:117536606:A>T,,,0.5112,ambiguous,,,
N268H,chr7:117536606:A>C,,,0.4453,ambiguous,,,
V97L,chr7:117530914:G>T,,,0.5132,ambiguous,,,
F224I,chr7:117535338:T>A,,,0.3904,ambiguous,,,
C343F,chr7:117540258:G>T,7-117540258-G-T,p.Cys343Phe,0.5009,ambiguous,2.052289602690415e-06,,2.052289602690415e-06
P1372A,chr7:117664838:C>G,,,0.4758,ambiguous,,,
T1057K,chr7:117611611:C>A,,,0.5009,ambiguous,,,
T1057R,chr7:117611611:C>G,7-117611611-C-G,p.Thr1057Arg,0.4037,ambiguous,1.3695553327745548e-06,,1.3695553327745548e-06
F932Y,chr7:117603669:T>A,,,0.3662,ambiguous,,,
S1362I,chr7:117664809:G>T,,,0.4502,ambiguous,,,
L1034V,chr7:117610630:C>G,,,0.3635,ambiguous,,,
V1288M,chr7:117642582:G>A,7-117642582-G-A,p.Val1288Met,0.3918,ambiguous,6.844046090543993e-07,,6.844046090543993e-07
T774K,chr7:117592488:C>A,7-117592488-C-A,p.Thr774Lys,0.3531,ambiguous,7.162779903531681e-07,,7.162779903531681e-07
S1058C,chr7:117611613:A>T,,,0.4728,ambiguous,,,
S1058G,chr7:117611613:A>G,,,0.5075,ambiguous,,,
V1360G,chr7:117664803:T>G,,,0.5172,ambiguous,,,
L180F,chr7:117534324:C>T,7-117534324-C-T,p.Leu180Phe,0.4447,ambiguous,6.881706222714035e-07,,6.881706222714035e-07
V1360A,chr7:117664803:T>C,,,0.3491,ambiguous,,,
L138Q,chr7:117531038:T>A,,,0.5455,ambiguous,,,
R3M,chr7:117480102:G>T,7-117480102-G-T,p.Arg3Met,0.4514,ambiguous,1.778733733137946e-05,1.3152356902356902e-05,1.778733733137946e-05
K1165N,chr7:117627548:G>C,,,0.5555,ambiguous,,,
K1165N,chr7:117627548:G>T,,,0.5555,ambiguous,,,
T1142S,chr7:117614669:A>T,,,0.4345,ambiguous,,,
T1142A,chr7:117614669:A>G,,,0.3878,ambiguous,,,
G1343S,chr7:117664751:G>A,7-117664751-G-A,p.Gly1343Ser,0.4737,ambiguous,0.00012450880591950437,1.971608832807571e-05,0.00012450880591950437
T663I,chr7:117592155:C>T,,,0.4583,ambiguous,,,
V181F,chr7:117534327:G>T,7-117534327-G-T,p.Val181Phe,0.4502,ambiguous,2.75252716400245e-06,,2.75252716400245e-06
S459Y,chr7:117548807:C>A,,,0.5486,ambiguous,,,
I121S,chr7:117530987:T>G,,,0.3506,ambiguous,,,
I121N,chr7:117530987:T>A,,,0.39,ambiguous,,,
L184V,chr7:117534336:C>G,,,0.3441,ambiguous,,,
L184F,chr7:117534336:C>T,,,0.4187,ambiguous,,,
T1122K,chr7:117611806:C>A,,,0.4132,ambiguous,,,
T1122I,chr7:117611806:C>T,,,0.5213,ambiguous,,,
F319Y,chr7:117540186:T>A,,,0.516,ambiguous,,,
F319S,chr7:117540186:T>C,,,0.3678,ambiguous,,,
T164N,chr7:117534277:C>A,7-117534277-C-A,p.Thr164Asn,0.5432,ambiguous,1.4461817908358352e-06,,1.4461817908358352e-06
M773I,chr7:117592486:G>A,,,0.5276,ambiguous,,,
F630V,chr7:117592055:T>G,,,0.411,ambiguous,,,
L1029F,chr7:117610617:G>T,,,0.399,ambiguous,,,
L1029F,chr7:117610617:G>C,,,0.399,ambiguous,,,
F630I,chr7:117592055:T>A,,,0.4081,ambiguous,,,
T164S,chr7:117534277:C>G,7-117534277-C-G,p.Thr164Ser,0.354,ambiguous,,,
M773I,chr7:117592486:G>C,,,0.5276,ambiguous,,,
P1050T,chr7:117611589:C>A,7-117611589-C-A,p.Pro1050Thr,0.512,ambiguous,6.902606976602924e-07,,6.902606976602924e-07
P1050A,chr7:117611589:C>G,7-117611589-C-G,p.Pro1050Ala,0.35,ambiguous,4.831824883622046e-06,1.3155125236792254e-05,1.3155125236792254e-05
V1008A,chr7:117610553:T>C,,,0.5003,ambiguous,,,
M773I,chr7:117592486:G>T,,,0.5276,ambiguous,,,
L327R,chr7:117540210:T>G,7-117540210-T-G,p.Leu327Arg,0.4629,ambiguous,1.5050247302927273e-05,6.570733950982325e-06,1.5050247302927273e-05
L327Q,chr7:117540210:T>A,,,0.3792,ambiguous,,,
S1206P,chr7:117627669:T>C,,,0.3524,ambiguous,,,
Y808N,chr7:117592589:T>A,,,0.4114,ambiguous,,,
Y808H,chr7:117592589:T>C,,,0.4206,ambiguous,,,
D1312G,chr7:117652903:A>G,7-117652903-A-G,p.Asp1312Gly,0.3933,ambiguous,1.16939433627929e-05,,1.16939433627929e-05
D1312A,chr7:117652903:A>C,,,0.3901,ambiguous,,,
G213V,chr7:117535306:G>T,7-117535306-G-T,p.Gly213Val,0.3591,ambiguous,6.840572254912557e-07,,6.840572254912557e-07
D1312V,chr7:117652903:A>T,,,0.4571,ambiguous,,,
P140Q,chr7:117531044:C>A,,,0.3995,ambiguous,,,
P140L,chr7:117531044:C>T,,,0.3417,ambiguous,,,
P140R,chr7:117531044:C>G,7-117531044-C-G,p.Pro140Arg,0.4542,ambiguous,2.052688406005345e-06,,2.052688406005345e-06
K483N,chr7:117559520:G>T,,,0.501,ambiguous,,,
F433L,chr7:117548728:T>C,,,0.3664,ambiguous,,,
Q1012H,chr7:117610566:A>C,,,0.3867,ambiguous,,,
K335N,chr7:117540235:A>T,,,0.5496,ambiguous,,,
K335N,chr7:117540235:A>C,,,0.5496,ambiguous,,,
F1257L,chr7:117642491:T>G,7-117642491-T-G,p.Phe1257Leu,0.4239,ambiguous,1.4369389095686446e-05,6.5715975553657095e-06,1.4369389095686446e-05
Q1012H,chr7:117610566:A>T,,,0.3867,ambiguous,,,
V1153L,chr7:117614702:G>C,7-117614702-G-C,p.Val1153Leu,0.3723,ambiguous,1.3723087310398395e-06,,1.3723087310398395e-06
V1153L,chr7:117614702:G>T,,,0.3723,ambiguous,,,
L1467P,chr7:117667065:T>C,,,0.3972,ambiguous,,,
Y1014H,chr7:117610570:T>C,,,0.3593,ambiguous,,,
S1045Y,chr7:117610664:C>A,7-117610664-C-A,p.Ser1045Tyr,0.556,ambiguous,,,
D565N,chr7:117590366:G>A,7-117590366-G-A,p.Asp565Asn,0.5137,ambiguous,,,
Y1014D,chr7:117610570:T>G,,,0.5532,ambiguous,,,
F1257L,chr7:117642489:T>C,,,0.4239,ambiguous,,,
V171A,chr7:117534298:T>C,,,0.4273,ambiguous,,,
V171G,chr7:117534298:T>G,,,0.4561,ambiguous,,,
T1053I,chr7:117611599:C>T,7-117611599-C-T,p.Thr1053Ile,0.3548,ambiguous,2.5377960133282302e-05,1.3151837969356217e-05,2.5377960133282302e-05
T848I,chr7:117594982:C>T,,,0.4782,ambiguous,,,
M498I,chr7:117559565:G>T,,,0.5102,ambiguous,,,
L1261R,chr7:117642502:T>G,,,0.4216,ambiguous,,,
M498I,chr7:117559565:G>C,,,0.5102,ambiguous,,,
M498I,chr7:117559565:G>A,,,0.5102,ambiguous,,,
S1159C,chr7:117627529:C>G,,,0.4442,ambiguous,,,
S1362R,chr7:117664810:T>A,,,0.5107,ambiguous,,,
I1366M,chr7:117664822:C>G,,,0.3945,ambiguous,,,
Q525H,chr7:117559646:A>T,,,0.4028,ambiguous,,,
Q525H,chr7:117559646:A>C,,,0.4028,ambiguous,,,
D1336H,chr7:117664730:G>C,,,0.3515,ambiguous,,,
I344F,chr7:117540260:A>T,,,0.5269,ambiguous,,,
I106M,chr7:117530943:A>G,7-117530943-A-G,p.Ile106Met,0.5013,ambiguous,6.842453868176021e-07,,6.842453868176021e-07
S1362R,chr7:117664810:T>G,,,0.5107,ambiguous,,,
D806Y,chr7:117592583:G>T,,,0.4549,ambiguous,,,
D806H,chr7:117592583:G>C,,,0.4931,ambiguous,,,
L1480F,chr7:117667103:C>T,7-117667103-C-T,p.Leu1480Phe,0.4347,ambiguous,6.842950187428406e-07,,6.842950187428406e-07
T135I,chr7:117531029:C>T,7-117531029-C-T,p.Thr135Ile,0.3655,ambiguous,6.842275959937106e-07,,6.842275959937106e-07
I261N,chr7:117536586:T>A,,,0.4406,ambiguous,,,
E193D,chr7:117534365:A>T,,,0.5502,ambiguous,,,
Y1219H,chr7:117627708:T>C,7-117627708-T-C,p.Tyr1219His,0.5384,ambiguous,6.844242828260153e-07,,6.844242828260153e-07
V1327L,chr7:117664703:G>T,7-117664703-G-T,p.Val1327Leu,0.3412,ambiguous,6.841536335399477e-07,,6.841536335399477e-07
Y1219N,chr7:117627708:T>A,,,0.3873,ambiguous,,,
E193D,chr7:117534365:A>C,,,0.5502,ambiguous,,,
F157Y,chr7:117531095:T>A,,,0.4133,ambiguous,,,
V1327L,chr7:117664703:G>C,7-117664703-G-C,p.Val1327Leu,0.3412,ambiguous,1.231476540371906e-05,,1.231476540371906e-05
R3W,chr7:117480101:A>T,7-117480101-A-T,p.Arg3Trp,0.5354,ambiguous,2.736517179854855e-06,,2.736517179854855e-06
I261S,chr7:117536586:T>G,,,0.4756,ambiguous,,,
G1047V,chr7:117611581:G>T,7-117611581-G-T,p.Gly1047Val,0.4894,ambiguous,1.405366814792329e-06,,1.405366814792329e-06
S1155N,chr7:117614709:G>A,,,0.5216,ambiguous,,,
L770M,chr7:117592475:C>A,,,0.3435,ambiguous,,,
E379D,chr7:117542036:A>C,7-117542036-A-C,p.Glu379Asp,0.4498,ambiguous,2.1158319239541797e-06,,2.1158319239541797e-06
E379D,chr7:117542036:A>T,,,0.4498,ambiguous,,,
K1284I,chr7:117642571:A>T,,,0.5052,ambiguous,,,
L770V,chr7:117592475:C>G,,,0.3668,ambiguous,,,
N445K,chr7:117548766:T>A,,,0.3927,ambiguous,,,
F81Y,chr7:117509111:T>A,,,0.415,ambiguous,,,
N445K,chr7:117548766:T>G,,,0.3927,ambiguous,,,
L1135V,chr7:117614648:T>G,,,0.4687,ambiguous,,,
V739E,chr7:117592383:T>A,,,0.4252,ambiguous,,,
L1135I,chr7:117614648:T>A,,,0.5163,ambiguous,,,
I105L,chr7:117530938:A>C,,,0.4265,ambiguous,,,
E1472V,chr7:117667080:A>T,,,0.361,ambiguous,,,
G1342V,chr7:117664749:G>T,,,0.3604,ambiguous,,,
F994S,chr7:117606746:T>C,7-117606746-T-C,p.Phe994Ser,0.4285,ambiguous,,,
D1312Y,chr7:117652902:G>T,7-117652902-G-T,p.Asp1312Tyr,0.4465,ambiguous,,,
H1375Q,chr7:117664849:T>G,,,0.5264,ambiguous,,,
I1383K,chr7:117665470:T>A,,,0.3784,ambiguous,,,
H1375Q,chr7:117664849:T>A,7-117664849-T-A,p.His1375Gln,0.5264,ambiguous,6.841892084204535e-07,,6.841892084204535e-07
L1043Q,chr7:117610658:T>A,7-117610658-T-A,p.Leu1043Gln,0.4311,ambiguous,1.3686930623686054e-06,2.6290536721307166e-05,2.6290536721307166e-05
K370T,chr7:117540339:A>C,,,0.4484,ambiguous,,,
L1043R,chr7:117610658:T>G,,,0.5287,ambiguous,,,
M156I,chr7:117531093:G>A,7-117531093-G-A,p.Met156Ile,0.4482,ambiguous,6.845236057965459e-07,,6.845236057965459e-07
M156I,chr7:117531093:G>T,,,0.4482,ambiguous,,,
M156I,chr7:117531093:G>C,,,0.4482,ambiguous,,,
E384V,chr7:117542050:A>T,,,0.4342,ambiguous,,,
C225W,chr7:117535343:T>G,,,0.5359,ambiguous,,,
I1441T,chr7:117666987:T>C,7-117666987-T-C,p.Ile1441Thr,0.405,ambiguous,4.104657828882288e-06,,4.104657828882288e-06
L1156F,chr7:117614713:G>T,7-117614713-G-T,p.Leu1156Phe,0.3913,ambiguous,0.000400590750697414,0.00017752879911630108,0.000400590750697414
I1441S,chr7:117666987:T>G,,,0.4215,ambiguous,,,
L987V,chr7:117606724:C>G,7-117606724-C-G,p.Leu987Val,0.4819,ambiguous,,6.5752271740988655e-06,6.5752271740988655e-06
L987M,chr7:117606724:C>A,7-117606724-C-A,p.Leu987Met,0.38,ambiguous,,,
L1156F,chr7:117614713:G>C,,,0.3913,ambiguous,,,
N1138S,chr7:117614658:A>G,7-117614658-A-G,p.Asn1138Ser,0.4427,ambiguous,2.05425703685748e-06,,2.05425703685748e-06
I1441N,chr7:117666987:T>A,,,0.4453,ambiguous,,,
L989F,chr7:117606730:C>T,,,0.4872,ambiguous,,,
E1046D,chr7:117610668:A>T,,,0.4348,ambiguous,,,
E1046D,chr7:117610668:A>C,,,0.4348,ambiguous,,,
R59G,chr7:117509044:A>G,7-117509044-A-G,p.Arg59Gly,0.5137,ambiguous,6.878771286357745e-07,,6.878771286357745e-07
K174I,chr7:117534307:A>T,,,0.3989,ambiguous,,,
F229L,chr7:117535355:C>A,,,0.4205,ambiguous,,,
F229L,chr7:117535355:C>G,,,0.4205,ambiguous,,,
G1125R,chr7:117614618:G>C,,,0.4372,ambiguous,,,
L69F,chr7:117509074:C>T,,,0.5292,ambiguous,,,
G1125R,chr7:117614618:G>A,,,0.4372,ambiguous,,,
R657I,chr7:117592137:G>T,7-117592137-G-T,p.Arg657Ile,0.4585,ambiguous,6.841152542651166e-07,,6.841152542651166e-07
G1047C,chr7:117610669:G>T,,,0.3415,ambiguous,,,
F994L,chr7:117606745:T>C,7-117606745-T-C,p.Phe994Leu,0.4239,ambiguous,,,
Y122H,chr7:117530989:T>C,,,0.4336,ambiguous,,,
V769F,chr7:117592472:G>T,,,0.4334,ambiguous,,,
V769L,chr7:117592472:G>C,,,0.5562,ambiguous,,,
Y385F,chr7:117542053:A>T,,,0.3519,ambiguous,,,
I154T,chr7:117531086:T>C,7-117531086-T-C,p.Ile154Thr,0.3791,ambiguous,6.844121036911714e-07,,6.844121036911714e-07
T1019I,chr7:117610586:C>T,,,0.4534,ambiguous,,,
E543V,chr7:117587782:A>T,,,0.3896,ambiguous,,,
Y1073C,chr7:117611659:A>G,,,0.4638,ambiguous,,,
R657T,chr7:117592137:G>C,,,0.4714,ambiguous,,,
S256I,chr7:117536571:G>T,,,0.4531,ambiguous,,,
L619F,chr7:117592024:G>T,7-117592024-G-T,p.Leu619Phe,0.5072,ambiguous,6.931419152620146e-07,,6.931419152620146e-07
F236Y,chr7:117535375:T>A,,,0.3724,ambiguous,,,
R1479G,chr7:117667100:A>G,,,0.3522,ambiguous,,,
T599A,chr7:117591962:A>G,,,0.4236,ambiguous,,,
V1212F,chr7:117627687:G>T,7-117627687-G-T,p.Val1212Phe,0.4592,ambiguous,1.3688579344481313e-06,6.575054244197515e-06,6.575054244197515e-06
L619F,chr7:117592024:G>C,,,0.5072,ambiguous,,,
I1132F,chr7:117614639:A>T,,,0.4039,ambiguous,,,
V1212L,chr7:117627687:G>C,7-117627687-G-C,p.Val1212Leu,0.3734,ambiguous,6.844289672240656e-07,6.575054244197515e-06,6.575054244197515e-06
N268S,chr7:117536607:A>G,,,0.4259,ambiguous,,,
T599S,chr7:117591962:A>T,,,0.3764,ambiguous,,,
T943P,chr7:117603701:A>C,,,0.4057,ambiguous,,,
V322M,chr7:117540194:G>A,7-117540194-G-A,p.Val322Met,0.5437,ambiguous,6.156835113114742e-05,1.9723347183506022e-05,6.156835113114742e-05
Y625S,chr7:117592041:A>C,,,0.3969,ambiguous,,,
Q1039K,chr7:117610645:C>A,,,0.4701,ambiguous,,,
F312Y,chr7:117540165:T>A,,,0.4081,ambiguous,,,
V322L,chr7:117540194:G>C,,,0.5411,ambiguous,,,
K857N,chr7:117595010:G>T,,,0.3494,ambiguous,,,
V322L,chr7:117540194:G>T,,,0.5411,ambiguous,,,
Y301D,chr7:117540131:T>G,,,0.4296,ambiguous,,,
V1345A,chr7:117664758:T>C,,,0.4244,ambiguous,,,
V1345G,chr7:117664758:T>G,,,0.5233,ambiguous,,,
Q353E,chr7:117540287:C>G,,,0.3488,ambiguous,,,
A1004T,chr7:117610540:G>A,,,0.4071,ambiguous,,,
F316C,chr7:117540177:T>G,,,0.3867,ambiguous,,,
D173N,chr7:117534303:G>A,,,0.396,ambiguous,,,
A561G,chr7:117590355:C>G,,,0.481,ambiguous,,,
R811G,chr7:117592598:A>G,7-117592598-A-G,p.Arg811Gly,0.545,ambiguous,,,
H484L,chr7:117559522:A>T,,,0.4858,ambiguous,,,
A613T,chr7:117592004:G>A,7-117592004-G-A,p.Ala613Thr,0.3927,ambiguous,2.7762392785109364e-06,1.3134391089629086e-05,1.3134391089629086e-05
R104K,chr7:117530936:G>A,,,0.3432,ambiguous,,,
H147D,chr7:117531064:C>G,,,0.549,ambiguous,,,
V201A,chr7:117535270:T>C,,,0.4896,ambiguous,,,
L197S,chr7:117535258:T>C,,,0.5617,ambiguous,,,
T774I,chr7:117592488:C>T,,,0.4634,ambiguous,,,
C276F,chr7:117536631:G>T,7-117536631-G-T,p.Cys276Phe,0.3956,ambiguous,1.3703191610357969e-06,,1.3703191610357969e-06
C276Y,chr7:117536631:G>A,,,0.4328,ambiguous,,,
M469R,chr7:117559477:T>G,,,0.5334,ambiguous,,,
T845I,chr7:117594973:C>T,7-117594973-C-T,p.Thr845Ile,0.3954,ambiguous,2.0541698278057906e-06,,2.0541698278057906e-06
I215T,chr7:117535312:T>C,,,0.4677,ambiguous,,,
S466A,chr7:117559467:T>G,,,0.3973,ambiguous,,,
P5A,chr7:117480107:C>G,,,0.3973,ambiguous,,,
T925A,chr7:117603647:A>G,7-117603647-A-G,p.Thr925Ala,0.3409,ambiguous,4.104596053020435e-06,,4.104596053020435e-06
E384K,chr7:117542049:G>A,7-117542049-G-A,p.Glu384Lys,0.4355,ambiguous,6.936544490996366e-07,,6.936544490996366e-07
L88V,chr7:117509131:T>G,,,0.3493,ambiguous,,,
R170S,chr7:117534294:C>A,7-117534294-C-A,p.Arg170Ser,0.461,ambiguous,4.167598588017598e-06,1.316170470399326e-05,1.316170470399326e-05
M469K,chr7:117559477:T>A,,,0.5594,ambiguous,,,
A1004G,chr7:117610541:C>G,7-117610541-C-G,p.Ala1004Gly,0.411,ambiguous,1.368818586366293e-06,,1.368818586366293e-06
K464R,chr7:117548822:A>G,,,0.5491,ambiguous,,,
V1108G,chr7:117611764:T>G,,,0.5192,ambiguous,,,
V1108A,chr7:117611764:T>C,,,0.4975,ambiguous,,,
N1195I,chr7:117627637:A>T,,,0.4867,ambiguous,,,
N1195T,chr7:117627637:A>C,,,0.4144,ambiguous,,,
L102M,chr7:117530929:C>A,,,0.5386,ambiguous,,,
K1218N,chr7:117627707:A>T,,,0.4186,ambiguous,,,
K483N,chr7:117559520:G>C,,,0.501,ambiguous,,,
R487K,chr7:117559531:G>A,7-117559531-G-A,p.Arg487Lys,0.4099,ambiguous,6.850835390867562e-07,,6.850835390867562e-07
R55I,chr7:117504363:G>T,,,0.4688,ambiguous,,,
K1218N,chr7:117627707:A>C,,,0.4186,ambiguous,,,
R55T,chr7:117504363:G>C,,,0.503,ambiguous,,,
F229Y,chr7:117535354:T>A,7-117535354-T-A,p.Phe229Tyr,0.5547,ambiguous,6.840590972335282e-07,,6.840590972335282e-07
D58N,chr7:117509041:G>A,7-117509041-G-A,p.Asp58Asn,0.4704,ambiguous,6.889728517137511e-07,,6.889728517137511e-07
Y913C,chr7:117603612:A>G,7-117603612-A-G,p.Tyr913Cys,0.3786,ambiguous,2.0523598033018364e-06,6.569784248285286e-06,6.569784248285286e-06
E632V,chr7:117592062:A>T,,,0.3687,ambiguous,,,
K26E,chr7:117504275:A>G,7-117504275-A-G,p.Lys26Glu,0.382,ambiguous,1.0971844874571241e-05,,1.0971844874571241e-05
F354Y,chr7:117540291:T>A,,,0.5603,ambiguous,,,
Y913S,chr7:117603612:A>C,,,0.3534,ambiguous,,,
M1169R,chr7:117627559:T>G,,,0.4343,ambiguous,,,
M1169K,chr7:117627559:T>A,,,0.4194,ambiguous,,,
M1169T,chr7:117627559:T>C,,,0.4205,ambiguous,,,
S13C,chr7:117480132:C>G,7-117480132-C-G,p.Ser13Cys,0.3928,ambiguous,6.84149889030888e-07,,6.84149889030888e-07
A559G,chr7:117587830:C>G,,,0.4117,ambiguous,,,
E1046V,chr7:117610667:A>T,7-117610667-A-T,p.Glu1046Val,0.3702,ambiguous,1.368902906454651e-06,,1.368902906454651e-06
E1046G,chr7:117610667:A>G,,,0.4466,ambiguous,,,
F229S,chr7:117535354:T>C,,,0.3913,ambiguous,,,
I1015F,chr7:117610573:A>T,,,0.5134,ambiguous,,,
S1231F,chr7:117627745:C>T,,,0.3823,ambiguous,,,
L859S,chr7:117595015:T>C,,,0.514,ambiguous,,,
D1168E,chr7:117627557:C>G,,,0.5,ambiguous,,,
D1168E,chr7:117627557:C>A,,,0.5,ambiguous,,,
E1172A,chr7:117627568:A>C,,,0.4512,ambiguous,,,
E1172G,chr7:117627568:A>G,,,0.464,ambiguous,,,
S459P,chr7:117548806:T>C,,,0.4242,ambiguous,,,
A280E,chr7:117536643:C>A,,,0.3711,ambiguous,,,
D529N,chr7:117587739:G>A,,,0.5223,ambiguous,,,
A120T,chr7:117530983:G>A,7-117530983-G-A,p.Ala120Thr,0.5077,ambiguous,6.637579924673732e-05,4.600843926228754e-05,6.637579924673732e-05
S1456R,chr7:117667033:C>A,,,0.3577,ambiguous,,,
G1333V,chr7:117664722:G>T,,,0.475,ambiguous,,,
F1164Y,chr7:117627544:T>A,,,0.4787,ambiguous,,,
R553G,chr7:117587811:C>G,7-117587811-C-G,p.Arg553Gly,0.5433,ambiguous,,,
S1456R,chr7:117667033:C>G,7-117667033-C-G,p.Ser1456Arg,0.3577,ambiguous,6.841040221211877e-07,,6.841040221211877e-07
H484N,chr7:117559521:C>A,,,0.5102,ambiguous,,,
A196V,chr7:117535255:C>T,7-117535255-C-T,p.Ala196Val,0.4177,ambiguous,8.892853429357908e-06,,8.892853429357908e-06
R1070Q,chr7:117611650:G>A,7-117611650-G-A,p.Arg1070Gln,0.398,ambiguous,0.0003086166310833744,0.00029593192250529387,0.0003086166310833744
F430L,chr7:117548721:C>A,,,0.5611,ambiguous,,,
F430L,chr7:117548721:C>G,,,0.5611,ambiguous,,,
Y625N,chr7:117592040:T>A,7-117592040-T-A,p.Tyr625Asn,0.4941,ambiguous,1.3768851278506685e-06,,1.3768851278506685e-06
T460N,chr7:117548810:C>A,,,0.3796,ambiguous,,,
R516K,chr7:117559618:G>A,,,0.4752,ambiguous,,,
I1027S,chr7:117610610:T>G,,,0.3917,ambiguous,,,
Y1424N,chr7:117666935:T>A,,,0.4677,ambiguous,,,
G622S,chr7:117592031:G>A,,,0.4451,ambiguous,,,
L633F,chr7:117592064:C>T,,,0.3934,ambiguous,,,
F229L,chr7:117535353:T>C,,,0.4205,ambiguous,,,
L1242F,chr7:117642444:C>T,7-117642444-C-T,p.Leu1242Phe,0.4017,ambiguous,6.843409112683574e-07,,6.843409112683574e-07
I119S,chr7:117530981:T>G,7-117530981-T-G,p.Ile119Ser,0.4609,ambiguous,6.842369594699079e-07,,6.842369594699079e-07
I1109N,chr7:117611767:T>A,,,0.469,ambiguous,,,
I119N,chr7:117530981:T>A,,,0.5247,ambiguous,,,
P1290S,chr7:117642588:C>T,7-117642588-C-T,p.Pro1290Ser,0.5321,ambiguous,1.3688860416059223e-06,,1.3688860416059223e-06
N1195H,chr7:117627636:A>C,,,0.3686,ambiguous,,,
N1195Y,chr7:117627636:A>T,,,0.3741,ambiguous,,,
E504A,chr7:117559582:A>C,,,0.5264,ambiguous,,,
M1210I,chr7:117627683:G>T,7-117627683-G-T,p.Met1210Ile,0.3561,ambiguous,,,
M1210I,chr7:117627683:G>C,,,0.3561,ambiguous,,,
G1342W,chr7:117664748:G>T,,,0.4869,ambiguous,,,
M1210I,chr7:117627683:G>A,,,0.3561,ambiguous,,,
P1290A,chr7:117642588:C>G,7-117642588-C-G,p.Pro1290Ala,0.4508,ambiguous,6.844430208029611e-07,,6.844430208029611e-07
E504G,chr7:117559582:A>G,,,0.3515,ambiguous,,,
P1290T,chr7:117642588:C>A,7-117642588-C-A,p.Pro1290Thr,0.3816,ambiguous,8.213316249635534e-06,6.575054244197515e-06,8.213316249635534e-06
R1479S,chr7:117667102:G>T,,,0.5609,ambiguous,,,
E56Q,chr7:117509035:G>C,,,0.5094,ambiguous,,,
R766W,chr7:117592463:A>T,,,0.4153,ambiguous,,,
L53V,chr7:117504356:T>G,,,0.3673,ambiguous,,,
L53M,chr7:117504356:T>A,,,0.3782,ambiguous,,,
D363N,chr7:117540317:G>A,,,0.4685,ambiguous,,,
L1260Q,chr7:117642499:T>A,,,0.5121,ambiguous,,,
A559S,chr7:117587829:G>T,7-117587829-G-T,p.Ala559Ser,0.4233,ambiguous,,,
A62D,chr7:117509054:C>A,,,0.5404,ambiguous,,,
R1479S,chr7:117667102:G>C,,,0.5609,ambiguous,,,
F1257Y,chr7:117642490:T>A,,,0.4195,ambiguous,,,
Q151L,chr7:117531077:A>T,,,0.4914,ambiguous,,,
C866S,chr7:117595036:G>C,,,0.4015,ambiguous,,,
I148N,chr7:117531068:T>A,7-117531068-T-A,p.Ile148Asn,0.4954,ambiguous,2.7370002750685276e-06,6.572893387669252e-06,6.572893387669252e-06
Q359L,chr7:117540306:A>T,,,0.4418,ambiguous,,,
Q359R,chr7:117540306:A>G,,,0.5102,ambiguous,,,
C866F,chr7:117595036:G>T,,,0.4514,ambiguous,,,
A223V,chr7:117535336:C>T,7-117535336-C-T,p.Ala223Val,0.3476,ambiguous,1.3681256814976051e-06,,1.3681256814976051e-06
F316S,chr7:117540177:T>C,,,0.4934,ambiguous,,,
Y512D,chr7:117559605:T>G,,,0.5167,ambiguous,,,
F711L,chr7:117592298:T>C,,,0.5213,ambiguous,,,
G576V,chr7:117590400:G>T,7-117590400-G-T,p.Gly576Val,0.3876,ambiguous,6.892045752156521e-07,,6.892045752156521e-07
D1341H,chr7:117664745:G>C,,,0.3939,ambiguous,,,
F1450L,chr7:117667013:T>C,,,0.3778,ambiguous,,,
K64N,chr7:117509061:G>C,,,0.4523,ambiguous,,,
I1119F,chr7:117611796:A>T,,,0.5322,ambiguous,,,
K64N,chr7:117509061:G>T,,,0.4523,ambiguous,,,
W361L,chr7:117540312:G>T,,,0.4029,ambiguous,,,
W361S,chr7:117540312:G>C,,,0.4788,ambiguous,,,
L441V,chr7:117548752:C>G,,,0.3519,ambiguous,,,
G934S,chr7:117603674:G>A,7-117603674-G-A,p.Gly934Ser,0.5446,ambiguous,8.209214569714019e-06,1.3144058885383806e-05,1.3144058885383806e-05
L441M,chr7:117548752:C>A,,,0.4243,ambiguous,,,
Q1100L,chr7:117611740:A>T,,,0.3625,ambiguous,,,
I869S,chr7:117595045:T>G,7-117595045-T-G,p.Ile869Ser,0.5552,ambiguous,6.848433215448969e-07,,6.848433215448969e-07
K166Q,chr7:117534282:A>C,,,0.4131,ambiguous,,,
I869T,chr7:117595045:T>C,7-117595045-T-C,p.Ile869Thr,0.4226,ambiguous,,,
M152T,chr7:117531080:T>C,7-117531080-T-C,p.Met152Thr,0.4928,ambiguous,6.845723408129707e-07,,6.845723408129707e-07
W846S,chr7:117594976:G>C,,,0.532,ambiguous,,,
S182N,chr7:117534331:G>A,7-117534331-G-A,p.Ser182Asn,0.3777,ambiguous,,,
C225Y,chr7:117535342:G>A,7-117535342-G-A,p.Cys225Tyr,0.4252,ambiguous,2.0521688688718817e-06,6.5726341803267915e-06,6.5726341803267915e-06
V591A,chr7:117591939:T>C,,,0.5516,ambiguous,,,
S1435R,chr7:117666968:A>C,,,0.443,ambiguous,,,
W846L,chr7:117594976:G>T,7-117594976-G-T,p.Trp846Leu,0.4323,ambiguous,6.846285821478989e-07,,6.846285821478989e-07
V1160A,chr7:117627532:T>C,,,0.4654,ambiguous,,,
Y1424S,chr7:117666936:A>C,,,0.5553,ambiguous,,,
K688I,chr7:117592230:A>T,7-117592230-A-T,p.Lys688Ile,0.3556,ambiguous,6.842116786723009e-07,,6.842116786723009e-07
I1132S,chr7:117614640:T>G,,,0.5357,ambiguous,,,
T1122P,chr7:117611805:A>C,,,0.4155,ambiguous,,,
I1132T,chr7:117614640:T>C,,,0.4401,ambiguous,,,
G1333W,chr7:117664721:G>T,,,0.5444,ambiguous,,,
D806A,chr7:117592584:A>C,,,0.4112,ambiguous,,,
A198G,chr7:117535261:C>G,7-117535261-C-G,p.Ala198Gly,0.3432,ambiguous,6.840628407488026e-07,,6.840628407488026e-07
T1478P,chr7:117667097:A>C,,,0.3632,ambiguous,,,
I982N,chr7:117606710:T>A,,,0.4804,ambiguous,,,
I982S,chr7:117606710:T>G,,,0.5024,ambiguous,,,
D806V,chr7:117592584:A>T,,,0.5312,ambiguous,,,
D806G,chr7:117592584:A>G,7-117592584-A-G,p.Asp806Gly,0.341,ambiguous,1.306796649373391e-05,,1.306796649373391e-05
D1168A,chr7:117627556:A>C,7-117627556-A-C,p.Asp1168Ala,0.4882,ambiguous,6.844533271276232e-07,,6.844533271276232e-07
L90S,chr7:117509138:T>C,,,0.3724,ambiguous,,,
Y89S,chr7:117509135:A>C,,,0.5436,ambiguous,,,
S1233P,chr7:117627750:T>C,7-117627750-T-C,p.Ser1233Pro,0.5312,ambiguous,6.849071128973489e-07,,6.849071128973489e-07
S1456R,chr7:117667031:A>C,7-117667031-A-C,p.Ser1456Arg,0.3577,ambiguous,6.841012141428348e-07,6.565470875571196e-06,6.565470875571196e-06
E1172D,chr7:117627569:A>C,,,0.5164,ambiguous,,,
E1172D,chr7:117627569:A>T,,,0.5164,ambiguous,,,
K254N,chr7:117536566:G>C,,,0.4776,ambiguous,,,
I1226T,chr7:117627730:T>C,7-117627730-T-C,p.Ile1226Thr,0.4026,ambiguous,6.845498468661992e-07,,6.845498468661992e-07
K254N,chr7:117536566:G>T,7-117536566-G-T,p.Lys254Asn,0.4776,ambiguous,6.923136568561206e-07,,6.923136568561206e-07
R657G,chr7:117592136:A>G,7-117592136-A-G,p.Arg657Gly,0.3982,ambiguous,6.841077661281826e-07,,6.841077661281826e-07
H1375R,chr7:117664848:A>G,7-117664848-A-G,p.His1375Arg,0.4182,ambiguous,6.841648673130656e-07,,6.841648673130656e-07
P936S,chr7:117603680:C>T,7-117603680-C-T,p.Pro936Ser,0.4784,ambiguous,6.840993421700726e-07,,6.840993421700726e-07
P936T,chr7:117603680:C>A,7-117603680-C-A,p.Pro936Thr,0.3955,ambiguous,7.5250927638707984e-06,,7.5250927638707984e-06
A923G,chr7:117603642:C>G,7-117603642-C-G,p.Ala923Gly,0.4459,ambiguous,3.4205107506652893e-06,,3.4205107506652893e-06
M245I,chr7:117535403:G>C,,,0.4709,ambiguous,,,
F1033Y,chr7:117610628:T>A,,,0.4571,ambiguous,,,
Y1219C,chr7:117627709:A>G,,,0.4509,ambiguous,,,
F1296I,chr7:117652854:T>A,,,0.5106,ambiguous,,,
M245I,chr7:117535403:G>T,,,0.4709,ambiguous,,,
W1310G,chr7:117652896:T>G,7-117652896-T-G,p.Trp1310Gly,0.4141,ambiguous,,6.566850538481744e-06,6.566850538481744e-06
T262S,chr7:117536588:A>T,,,0.3583,ambiguous,,,
S489T,chr7:117559536:T>A,,,0.5078,ambiguous,,,
A455G,chr7:117548795:C>G,,,0.3978,ambiguous,,,
M245I,chr7:117535403:G>A,7-117535403-G-A,p.Met245Ile,0.4709,ambiguous,6.841077661281826e-07,,6.841077661281826e-07
F1296V,chr7:117652854:T>G,,,0.5293,ambiguous,,,
S10R,chr7:117480124:C>A,7-117480124-C-A,p.Ser10Arg,0.4887,ambiguous,6.84149889030888e-07,,6.84149889030888e-07
S10R,chr7:117480124:C>G,7-117480124-C-G,p.Ser10Arg,0.4887,ambiguous,6.84149889030888e-07,,6.84149889030888e-07
M394I,chr7:117542081:G>T,,,0.4733,ambiguous,,,
R1048K,chr7:117611584:G>A,7-117611584-G-A,p.Arg1048Lys,0.4367,ambiguous,1.3962911713905524e-06,,1.3962911713905524e-06
K377N,chr7:117542030:G>C,,,0.5571,ambiguous,,,
D513N,chr7:117559608:G>A,,,0.3731,ambiguous,,,
K377N,chr7:117542030:G>T,,,0.5571,ambiguous,,,
A523T,chr7:117559638:G>A,7-117559638-G-A,p.Ala523Thr,0.3429,ambiguous,6.846351442389322e-07,,6.846351442389322e-07
L983F,chr7:117606714:G>C,,,0.4699,ambiguous,,,
S1442R,chr7:117666989:A>C,,,0.43,ambiguous,,,
D537N,chr7:117587763:G>A,,,0.5254,ambiguous,,,
K1284N,chr7:117642572:A>C,,,0.4709,ambiguous,,,
K1284N,chr7:117642572:A>T,7-117642572-A-T,p.Lys1284Asn,0.4709,ambiguous,6.843783791182468e-07,,6.843783791182468e-07
L983F,chr7:117606714:G>T,7-117606714-G-T,p.Leu983Phe,0.4699,ambiguous,,,
G1343A,chr7:117664752:G>C,7-117664752-G-C,p.Gly1343Ala,0.5612,ambiguous,6.841564419486418e-07,,6.841564419486418e-07
F354V,chr7:117540290:T>G,,,0.4273,ambiguous,,,
I106V,chr7:117530941:A>G,7-117530941-A-G,p.Ile106Val,0.3699,ambiguous,2.7370190031229386e-06,,2.7370190031229386e-06
F405L,chr7:117548644:T>C,,,0.4307,ambiguous,,,
G646R,chr7:117592103:G>A,7-117592103-G-A,p.Gly646Arg,0.4169,ambiguous,6.840955982552826e-07,,6.840955982552826e-07
G646R,chr7:117592103:G>C,,,0.4169,ambiguous,,,
S641R,chr7:117592088:A>C,7-117592088-A-C,p.Ser641Arg,0.5636,ambiguous,6.843540245491476e-07,,6.843540245491476e-07
Q634P,chr7:117592068:A>C,,,0.56,ambiguous,,,
L230M,chr7:117535356:C>A,,,0.3791,ambiguous,,,
F354I,chr7:117540290:T>A,,,0.3914,ambiguous,,,
I824S,chr7:117592638:T>G,,,0.3783,ambiguous,,,
F315Y,chr7:117540174:T>A,,,0.4507,ambiguous,,,
L230V,chr7:117535356:C>G,,,0.3717,ambiguous,,,
W882R,chr7:117602850:T>C,,,0.3592,ambiguous,,,
W882R,chr7:117602850:T>A,,,0.3592,ambiguous,,,
E267K,chr7:117536603:G>A,,,0.402,ambiguous,,,
I106L,chr7:117530941:A>T,,,0.5096,ambiguous,,,
F315C,chr7:117540174:T>G,,,0.5488,ambiguous,,,
I106L,chr7:117530941:A>C,,,0.5096,ambiguous,,,
Q1071K,chr7:117611652:C>A,,,0.5141,ambiguous,,,
A1081G,chr7:117611683:C>G,7-117611683-C-G,p.Ala1081Gly,0.3558,ambiguous,4.106112907155313e-06,,4.106112907155313e-06
F1296Y,chr7:117652855:T>A,,,0.4257,ambiguous,,,
Q2H,chr7:117480100:G>T,,,0.5615,ambiguous,,,
F409L,chr7:117548656:T>C,7-117548656-T-C,p.Phe409Leu,0.3411,ambiguous,,6.577735680269424e-06,6.577735680269424e-06
Q2H,chr7:117480100:G>C,,,0.5615,ambiguous,,,
C343G,chr7:117540257:T>G,,,0.3564,ambiguous,,,
K14N,chr7:117480136:A>C,,,0.5434,ambiguous,,,
K14N,chr7:117480136:A>T,,,0.5434,ambiguous,,,
I160F,chr7:117531103:A>T,,,0.5224,ambiguous,,,
L73F,chr7:117509086:C>T,7-117509086-C-T,p.Leu73Phe,0.3685,ambiguous,6.845620309038683e-07,6.5715975553657095e-06,6.5715975553657095e-06
F429L,chr7:117548716:T>C,,,0.3805,ambiguous,,,
Q1209P,chr7:117627679:A>C,,,0.5396,ambiguous,,,
R29S,chr7:117504286:A>T,,,0.3631,ambiguous,,,
Q372K,chr7:117540344:C>A,,,0.3536,ambiguous,,,
R697T,chr7:117592257:G>C,,,0.4452,ambiguous,,,
R697M,chr7:117592257:G>T,,,0.3583,ambiguous,,,
F310Y,chr7:117540159:T>A,,,0.3796,ambiguous,,,
G970V,chr7:117606674:G>T,,,0.44,ambiguous,,,
V1327A,chr7:117664704:T>C,,,0.4503,ambiguous,,,
R29S,chr7:117504286:A>C,,,0.3631,ambiguous,,,
L454F,chr7:117548793:G>C,,,0.4896,ambiguous,,,
Q250P,chr7:117536553:A>C,,,0.3913,ambiguous,,,
I918M,chr7:117603628:T>G,,,0.3669,ambiguous,,,
S185T,chr7:117534339:T>A,,,0.3721,ambiguous,,,
T389P,chr7:117542064:A>C,,,0.4189,ambiguous,,,
E1329V,chr7:117664710:A>T,,,0.3738,ambiguous,,,
L454F,chr7:117548793:G>T,,,0.4896,ambiguous,,,
I824T,chr7:117592638:T>C,,,0.3563,ambiguous,,,
H199P,chr7:117535264:A>C,,,0.5186,ambiguous,,,
M645I,chr7:117592102:G>T,,,0.4208,ambiguous,,,
F319L,chr7:117540185:T>C,,,0.5618,ambiguous,,,
V862L,chr7:117595023:G>C,,,0.3955,ambiguous,,,
K1302N,chr7:117652874:A>C,,,0.3413,ambiguous,,,
I1002N,chr7:117610535:T>A,,,0.5352,ambiguous,,,
V862M,chr7:117595023:G>A,7-117595023-G-A,p.Val862Met,0.346,ambiguous,6.845714035356744e-07,,6.845714035356744e-07
I701T,chr7:117592269:T>C,7-117592269-T-C,p.Ile701Thr,0.3697,ambiguous,6.8415269740884e-07,,6.8415269740884e-07
V862L,chr7:117595023:G>T,7-117595023-G-T,p.Val862Leu,0.3955,ambiguous,6.845714035356744e-07,6.579120503171136e-06,6.579120503171136e-06
M645I,chr7:117592102:G>C,,,0.4208,ambiguous,,,
K1302N,chr7:117652874:A>T,,,0.3413,ambiguous,,,
S768C,chr7:117592470:C>G,,,0.4728,ambiguous,,,
W1274L,chr7:117642541:G>T,,,0.4846,ambiguous,,,
F650S,chr7:117592116:T>C,7-117592116-T-C,p.Phe650Ser,0.4358,ambiguous,6.840899824599329e-07,,6.840899824599329e-07
R735S,chr7:117592372:G>C,,,0.3613,ambiguous,,,
R735S,chr7:117592372:G>T,,,0.3613,ambiguous,,,
Q525L,chr7:117559645:A>T,,,0.3417,ambiguous,,,
L526I,chr7:117559647:C>A,,,0.3572,ambiguous,,,
G253W,chr7:117536561:G>T,,,0.3525,ambiguous,,,
L526V,chr7:117559647:C>G,7-117559647-C-G,p.Leu526Val,0.4794,ambiguous,,,
F650C,chr7:117592116:T>G,,,0.489,ambiguous,,,
F446Y,chr7:117548768:T>A,,,0.5421,ambiguous,,,
F1116V,chr7:117611787:T>G,,,0.3657,ambiguous,,,
M469V,chr7:117559476:A>G,7-117559476-A-G,p.Met469Val,0.5106,ambiguous,6.19983301783072e-06,1.9720494852950843e-05,1.9720494852950843e-05
G1271V,chr7:117642532:G>T,,,0.5051,ambiguous,,,
T1086A,chr7:117611697:A>G,7-117611697-A-G,p.Thr1086Ala,0.4646,ambiguous,2.052834485429665e-06,6.577562618396127e-06,6.577562618396127e-06
Q179H,chr7:117534323:A>T,,,0.5055,ambiguous,,,
N113D,chr7:117530962:A>G,,,0.4254,ambiguous,,,
F1116I,chr7:117611787:T>A,,,0.4544,ambiguous,,,
F430L,chr7:117548719:T>C,,,0.5611,ambiguous,,,
Q179H,chr7:117534323:A>C,,,0.5055,ambiguous,,,
F1257L,chr7:117642491:T>A,,,0.4239,ambiguous,,,
F446C,chr7:117548768:T>G,,,0.484,ambiguous,,,
V1318G,chr7:117652921:T>G,,,0.5586,ambiguous,,,
A96G,chr7:117530912:C>G,,,0.3437,ambiguous,,,
A96V,chr7:117530912:C>T,,,0.4594,ambiguous,,,
C1355G,chr7:117664787:T>G,7-117664787-T-G,p.Cys1355Gly,0.4562,ambiguous,2.052312066363563e-06,,2.052312066363563e-06
G544R,chr7:117587784:G>C,,,0.3963,ambiguous,,,
G544C,chr7:117587784:G>T,7-117587784-G-T,p.Gly544Cys,0.3486,ambiguous,6.849033601358848e-07,,6.849033601358848e-07
T1036S,chr7:117610637:C>G,,,0.4239,ambiguous,,,
K710I,chr7:117592296:A>T,,,0.3893,ambiguous,,,
F693L,chr7:117592244:T>C,,,0.4856,ambiguous,,,
T262S,chr7:117536589:C>G,,,0.3583,ambiguous,,,
Q1071L,chr7:117611653:A>T,,,0.4125,ambiguous,,,
R1102G,chr7:117611745:A>G,,,0.4085,ambiguous,,,
T262I,chr7:117536589:C>T,,,0.4998,ambiguous,,,
I255N,chr7:117536568:T>A,7-117536568-T-A,p.Ile255Asn,0.398,ambiguous,2.766695624747539e-06,,2.766695624747539e-06
L127I,chr7:117531004:T>A,,,0.3636,ambiguous,,,
V201M,chr7:117535269:G>A,7-117535269-G-A,p.Val201Met,0.356,ambiguous,0.0001374962547661948,0.0004665343724127055,0.0004665343724127055
L738S,chr7:117592380:T>C,,,0.3733,ambiguous,,,
K688N,chr7:117592231:A>T,,,0.5602,ambiguous,,,
K688N,chr7:117592231:A>C,,,0.5602,ambiguous,,,
I255S,chr7:117536568:T>G,,,0.4664,ambiguous,,,
T94S,chr7:117530906:C>G,,,0.3409,ambiguous,,,
L127V,chr7:117531004:T>G,,,0.45,ambiguous,,,
Q179L,chr7:117534322:A>T,,,0.4146,ambiguous,,,
K503T,chr7:117559579:A>C,,,0.5046,ambiguous,,,
T1299R,chr7:117652864:C>G,,,0.378,ambiguous,,,
V1240L,chr7:117642438:G>C,,,0.3951,ambiguous,,,
F16S,chr7:117480141:T>C,7-117480141-T-C,p.Phe16Ser,0.3418,ambiguous,6.841517612802942e-07,,6.841517612802942e-07
T848S,chr7:117594981:A>T,,,0.386,ambiguous,,,
V1240L,chr7:117642438:G>T,7-117642438-G-T,p.Val1240Leu,0.3951,ambiguous,1.3688373232659911e-06,1.3148206584621858e-05,1.3148206584621858e-05
T1299K,chr7:117652864:C>A,7-117652864-C-A,p.Thr1299Lys,0.4325,ambiguous,,,
M244T,chr7:117535399:T>C,,,0.5138,ambiguous,,,
A613V,chr7:117592005:C>T,,,0.4448,ambiguous,,,
A613G,chr7:117592005:C>G,,,0.3914,ambiguous,,,
G542R,chr7:117587778:G>A,7-117587778-G-A,p.Gly542Arg,0.5296,ambiguous,2.0550309898673273e-06,,2.0550309898673273e-06
I507S,chr7:117559591:T>G,,,0.48,ambiguous,,,
L644R,chr7:117592098:T>G,,,0.5188,ambiguous,,,
G542R,chr7:117587778:G>C,,,0.5296,ambiguous,,,
V1056G,chr7:117611608:T>G,,,0.3617,ambiguous,,,
S1161R,chr7:117627534:A>C,,,0.368,ambiguous,,,
L333F,chr7:117540227:C>T,7-117540227-C-T,p.Leu333Phe,0.5045,ambiguous,1.7785706858715816e-05,1.971971708779218e-05,1.971971708779218e-05
I507N,chr7:117559591:T>A,,,0.5283,ambiguous,,,
F405L,chr7:117548646:T>A,,,0.4307,ambiguous,,,
F405L,chr7:117548646:T>G,,,0.4307,ambiguous,,,
I1167S,chr7:117627553:T>G,,,0.3517,ambiguous,,,
A1067T,chr7:117611640:G>A,7-117611640-G-A,p.Ala1067Thr,0.5313,ambiguous,1.3685919105269352e-05,6.5752271740988655e-06,1.3685919105269352e-05
R1239G,chr7:117627768:A>G,7-117627768-A-G,p.Arg1239Gly,0.4892,ambiguous,,6.57030223390276e-06,6.57030223390276e-06
F311Y,chr7:117540162:T>A,,,0.4968,ambiguous,,,
I1295F,chr7:117652851:A>T,,,0.44,ambiguous,,,
G1127V,chr7:117614625:G>T,,,0.5038,ambiguous,,,
L183F,chr7:117534333:C>T,,,0.4543,ambiguous,,,
G126S,chr7:117531001:G>A,7-117531001-G-A,p.Gly126Ser,0.3749,ambiguous,4.794316953663611e-06,,4.794316953663611e-06
W361G,chr7:117540311:T>G,,,0.4367,ambiguous,,,
K442I,chr7:117548756:A>T,,,0.3743,ambiguous,,,
L617F,chr7:117592018:A>C,,,0.4304,ambiguous,,,
L617F,chr7:117592018:A>T,7-117592018-A-T,p.Leu617Phe,0.4304,ambiguous,6.940916145403864e-07,,6.940916145403864e-07
G1127E,chr7:117614625:G>A,7-117614625-G-A,p.Gly1127Glu,0.4052,ambiguous,1.4412663377834148e-05,6.575486586007364e-06,1.4412663377834148e-05
S1037L,chr7:117610640:C>T,7-117610640-C-T,p.Ser1037Leu,0.4393,ambiguous,6.843118765063415e-07,,6.843118765063415e-07
S308L,chr7:117540153:C>T,7-117540153-C-T,p.Ser308Leu,0.3782,ambiguous,6.842687972059936e-07,6.571683928289785e-06,6.571683928289785e-06
M1137V,chr7:117614654:A>G,7-117614654-A-G,p.Met1137Val,0.5041,ambiguous,4.1087110151803174e-05,4.600722970752547e-05,4.600722970752547e-05
M1137L,chr7:117614654:A>T,,,0.4997,ambiguous,,,
M1137L,chr7:117614654:A>C,,,0.4997,ambiguous,,,
T990P,chr7:117606733:A>C,,,0.4993,ambiguous,,,
F429L,chr7:117548718:C>A,,,0.3805,ambiguous,,,
F429L,chr7:117548718:C>G,,,0.3805,ambiguous,,,
E1469V,chr7:117667071:A>T,,,0.5404,ambiguous,,,
L662Q,chr7:117592152:T>A,,,0.4915,ambiguous,,,
L662R,chr7:117592152:T>G,7-117592152-T-G,p.Leu662Arg,0.5033,ambiguous,6.841480167917289e-07,,6.841480167917289e-07
E1469A,chr7:117667071:A>C,,,0.3897,ambiguous,,,
D651Y,chr7:117592118:G>T,,,0.3594,ambiguous,,,
D651H,chr7:117592118:G>C,,,0.4355,ambiguous,,,
K612N,chr7:117592003:A>T,,,0.3631,ambiguous,,,
L387F,chr7:117542060:A>C,,,0.4531,ambiguous,,,
T629I,chr7:117592053:C>T,,,0.3615,ambiguous,,,
G1241A,chr7:117642442:G>C,,,0.3716,ambiguous,,,
A72T,chr7:117509083:G>A,,,0.5331,ambiguous,,,
L387F,chr7:117542060:A>T,7-117542060-A-T,p.Leu387Phe,0.4531,ambiguous,1.3790364396588815e-06,,1.3790364396588815e-06
Q353L,chr7:117540288:A>T,,,0.5489,ambiguous,,,
K698N,chr7:117592261:G>C,,,0.5402,ambiguous,,,
R1239M,chr7:117627769:G>T,,,0.4314,ambiguous,,,
A1364T,chr7:117664814:G>A,,,0.4363,ambiguous,,,
Y627N,chr7:117592046:T>A,,,0.516,ambiguous,,,
F1116Y,chr7:117611788:T>A,,,0.4917,ambiguous,,,
F693L,chr7:117592246:T>G,7-117592246-T-G,p.Phe693Leu,0.4856,ambiguous,2.2578336565000295e-05,0.00027588381350254206,0.00027588381350254206
S431R,chr7:117548722:A>C,7-117548722-A-C,p.Ser431Arg,0.4391,ambiguous,2.0532559848989864e-06,,2.0532559848989864e-06
K698N,chr7:117592261:G>T,,,0.5402,ambiguous,,,
F693L,chr7:117592246:T>A,,,0.4856,ambiguous,,,
L881Q,chr7:117602848:T>A,,,0.3474,ambiguous,,,
K1080E,chr7:117611679:A>G,7-117611679-A-G,p.Lys1080Glu,0.4724,ambiguous,6.842716065602487e-07,6.574794866400168e-06,6.574794866400168e-06
T604S,chr7:117591978:C>G,7-117591978-C-G,p.Thr604Ser,0.5065,ambiguous,1.3828906009074528e-06,1.3146305230914851e-05,1.3146305230914851e-05
L881R,chr7:117602848:T>G,,,0.3457,ambiguous,,,
A1136T,chr7:117614651:G>A,7-117614651-G-A,p.Ala1136Thr,0.4079,ambiguous,1.438198553583169e-05,1.315529829638887e-05,1.438198553583169e-05
W216S,chr7:117535315:G>C,7-117535315-G-C,p.Trp216Ser,0.3917,ambiguous,4.104393890472881e-06,,4.104393890472881e-06
D651V,chr7:117592119:A>T,,,0.5062,ambiguous,,,
D651A,chr7:117592119:A>C,,,0.4443,ambiguous,,,
A1319G,chr7:117652924:C>G,7-117652924-C-G,p.Ala1319Gly,0.3683,ambiguous,6.935043607554205e-07,,6.935043607554205e-07
C491G,chr7:117559542:T>G,,,0.3755,ambiguous,,,
T1053P,chr7:117611598:A>C,,,0.4553,ambiguous,,,
F409L,chr7:117548658:T>A,,,0.3411,ambiguous,,,
F409L,chr7:117548658:T>G,,,0.3411,ambiguous,,,
I586M,chr7:117590431:A>G,,,0.3477,ambiguous,,,
F916C,chr7:117603621:T>G,,,0.5527,ambiguous,,,
M1105T,chr7:117611755:T>C,,,0.3505,ambiguous,,,
F916Y,chr7:117603621:T>A,,,0.3959,ambiguous,,,
L997M,chr7:117610519:T>A,,,0.4081,ambiguous,,,
L997V,chr7:117610519:T>G,,,0.3663,ambiguous,,,
L1133M,chr7:117614642:C>A,,,0.3979,ambiguous,,,
V1022A,chr7:117610595:T>C,,,0.4248,ambiguous,,,
V1022G,chr7:117610595:T>G,,,0.4457,ambiguous,,,
S1118T,chr7:117611793:T>A,,,0.4049,ambiguous,,,
L24F,chr7:117504271:G>T,,,0.4223,ambiguous,,,
L24F,chr7:117504271:G>C,,,0.4223,ambiguous,,,
F1450L,chr7:117667015:T>A,,,0.3778,ambiguous,,,
D1477H,chr7:117667094:G>C,,,0.346,ambiguous,,,
F1450L,chr7:117667015:T>G,,,0.3778,ambiguous,,,
G85A,chr7:117509123:G>C,,,0.5114,ambiguous,,,
K951I,chr7:117603726:A>T,,,0.5083,ambiguous,,,
T94A,chr7:117530905:A>G,7-117530905-A-G,p.Thr94Ala,0.4794,ambiguous,2.1959471051241054e-05,,2.1959471051241054e-05
T94S,chr7:117530905:A>T,,,0.3409,ambiguous,,,
E608V,chr7:117591990:A>T,,,0.3671,ambiguous,,,
Q1352L,chr7:117664779:A>T,,,0.5274,ambiguous,,,
S10R,chr7:117480122:A>C,,,0.4887,ambiguous,,,
K615I,chr7:117592011:A>T,,,0.5444,ambiguous,,,
H1079L,chr7:117611677:A>T,,,0.5607,ambiguous,,,
D44A,chr7:117504330:A>C,,,0.4676,ambiguous,,,
E282D,chr7:117536650:A>T,7-117536650-A-T,p.Glu282Asp,0.5369,ambiguous,1.8498877734750758e-05,0.0002233521211882333,0.0002233521211882333
R55G,chr7:117504362:A>G,7-117504362-A-G,p.Arg55Gly,0.4844,ambiguous,,,
S1276P,chr7:117642546:T>C,,,0.5058,ambiguous,,,
D44G,chr7:117504330:A>G,,,0.5282,ambiguous,,,
E282D,chr7:117536650:A>C,,,0.5369,ambiguous,,,
D44V,chr7:117504330:A>T,7-117504330-A-T,p.Asp44Val,0.5403,ambiguous,1.374700830731712e-06,6.57030223390276e-06,6.57030223390276e-06
F78L,chr7:117509101:T>C,7-117509101-T-C,p.Phe78Leu,0.4463,ambiguous,1.370552044658068e-06,1.3136116438536111e-05,1.3136116438536111e-05
F870Y,chr7:117595048:T>A,,,0.4658,ambiguous,,,
E1469K,chr7:117667070:G>A,7-117667070-G-A,p.Glu1469Lys,0.3646,ambiguous,6.841246146668108e-07,,6.841246146668108e-07
S1297F,chr7:117652858:C>T,7-117652858-C-T,p.Ser1297Phe,0.3637,ambiguous,,,
Q1352E,chr7:117664778:C>G,7-117664778-C-G,p.Gln1352Glu,0.4285,ambiguous,1.0945709281961472e-05,6.571856680949502e-06,1.0945709281961472e-05
E1469Q,chr7:117667070:G>C,,,0.3801,ambiguous,,,
G178V,chr7:117534319:G>T,,,0.5313,ambiguous,,,
I521F,chr7:117559632:A>T,7-117559632-A-T,p.Ile521Phe,0.5308,ambiguous,6.844533271276232e-07,,6.844533271276232e-07
L610F,chr7:117591997:A>T,7-117591997-A-T,p.Leu610Phe,0.4264,ambiguous,2.0789991975063096e-06,6.5684896414918355e-06,6.5684896414918355e-06
L610F,chr7:117591997:A>C,7-117591997-A-C,p.Leu610Phe,0.4264,ambiguous,6.929997325021033e-07,,6.929997325021033e-07
I37T,chr7:117504309:T>C,7-117504309-T-C,p.Ile37Thr,0.3447,ambiguous,6.846482687983875e-07,,6.846482687983875e-07
N974T,chr7:117606686:A>C,,,0.5284,ambiguous,,,
K611T,chr7:117591999:A>C,,,0.4169,ambiguous,,,
D828H,chr7:117592649:G>C,,,0.4292,ambiguous,,,
S641R,chr7:117592090:C>A,,,0.5636,ambiguous,,,
C832R,chr7:117594933:T>C,,,0.5047,ambiguous,,,
S641R,chr7:117592090:C>G,,,0.5636,ambiguous,,,
L100R,chr7:117530924:T>G,7-117530924-T-G,p.Leu100Arg,0.5556,ambiguous,6.844336516862392e-07,6.5710793654965765e-06,6.5710793654965765e-06
V922A,chr7:117603639:T>C,,,0.4572,ambiguous,,,
N186D,chr7:117534342:A>G,7-117534342-A-G,p.Asn186Asp,0.5473,ambiguous,,,
M1157L,chr7:117627522:A>C,,,0.4502,ambiguous,,,
M1157L,chr7:117627522:A>T,,,0.4502,ambiguous,,,
A554T,chr7:117587814:G>A,7-117587814-G-A,p.Ala554Thr,0.423,ambiguous,,,
R1438P,chr7:117666978:G>C,7-117666978-G-C,p.Arg1438Pro,0.3697,ambiguous,6.841161902937595e-07,,6.841161902937595e-07
E267A,chr7:117536604:A>C,,,0.4109,ambiguous,,,
V358A,chr7:117540303:T>C,7-117540303-T-C,p.Val358Ala,0.427,ambiguous,6.84147080675992e-07,,6.84147080675992e-07
N186Y,chr7:117534342:A>T,,,0.408,ambiguous,,,
L88F,chr7:117509133:A>C,7-117509133-A-C,p.Leu88Phe,0.5005,ambiguous,4.302691476941876e-06,3.2856260431862685e-05,3.2856260431862685e-05
L88F,chr7:117509133:A>T,,,0.5005,ambiguous,,,
V1153G,chr7:117614703:T>G,,,0.4771,ambiguous,,,
M1140L,chr7:117614663:A>C,7-117614663-A-C,p.Met1140Leu,0.3682,ambiguous,4.108936114261295e-06,,4.108936114261295e-06
M1140L,chr7:117614663:A>T,,,0.3682,ambiguous,,,
M1140V,chr7:117614663:A>G,7-117614663-A-G,p.Met1140Val,0.4818,ambiguous,,6.572720580502681e-06,6.572720580502681e-06
I269T,chr7:117536610:T>C,7-117536610-T-C,p.Ile269Thr,0.5264,ambiguous,5.485591408466736e-06,0.00011818623524313535,0.00011818623524313535
E7A,chr7:117480114:A>C,,,0.3804,ambiguous,,,
E7V,chr7:117480114:A>T,,,0.5326,ambiguous,,,
N189Y,chr7:117534351:A>T,7-117534351-A-T,p.Asn189Tyr,0.4153,ambiguous,,,
H1350Q,chr7:117664774:C>A,,,0.3957,ambiguous,,,
R765G,chr7:117592460:A>G,,,0.4174,ambiguous,,,
T1142I,chr7:117614670:C>T,7-117614670-C-T,p.Thr1142Ile,0.5464,ambiguous,,6.580072907207812e-06,6.580072907207812e-06
H1350Q,chr7:117664774:C>G,,,0.3957,ambiguous,,,
G366R,chr7:117540326:G>A,,,0.3592,ambiguous,,,
G366R,chr7:117540326:G>C,,,0.3592,ambiguous,,,
T339S,chr7:117540246:C>G,,,0.4037,ambiguous,,,
R734I,chr7:117592368:G>T,,,0.3507,ambiguous,,,
P499S,chr7:117559566:C>T,7-117559566-C-T,p.Pro499Ser,0.3689,ambiguous,1.4386419220256078e-05,6.577822214621183e-06,1.4386419220256078e-05
P499T,chr7:117559566:C>A,7-117559566-C-A,p.Pro499Thr,0.344,ambiguous,1.370133286566117e-06,,1.370133286566117e-06
S1155C,chr7:117614708:A>T,,,0.4518,ambiguous,,,
S185C,chr7:117534340:C>G,,,0.5325,ambiguous,,,
D44H,chr7:117504329:G>C,,,0.5448,ambiguous,,,
S1248L,chr7:117642463:C>T,7-117642463-C-T,p.Ser1248Leu,0.3876,ambiguous,6.842968917866581e-07,,6.842968917866581e-07
D44Y,chr7:117504329:G>T,,,0.4084,ambiguous,,,
E51Q,chr7:117504350:G>C,,,0.4468,ambiguous,,,
E51K,chr7:117504350:G>A,,,0.5428,ambiguous,,,
W846G,chr7:117594975:T>G,,,0.3752,ambiguous,,,
K536I,chr7:117587761:A>T,,,0.5032,ambiguous,,,
Y1014C,chr7:117610571:A>G,7-117610571-A-G,p.Tyr1014Cys,0.3736,ambiguous,0.00015261199188076828,0.00019707799033003994,0.00019707799033003994
Q552E,chr7:117587808:C>G,,,0.3563,ambiguous,,,
L986H,chr7:117606722:T>A,,,0.3691,ambiguous,,,
L986R,chr7:117606722:T>G,,,0.4579,ambiguous,,,
F78L,chr7:117509103:C>G,,,0.4463,ambiguous,,,
T908P,chr7:117603596:A>C,,,0.3518,ambiguous,,,
K522I,chr7:117559636:A>T,,,0.4314,ambiguous,,,
K65I,chr7:117509063:A>T,,,0.3479,ambiguous,,,
T398I,chr7:117542092:C>T,7-117542092-C-T,p.Thr398Ile,0.5076,ambiguous,1.3920306246737428e-06,,1.3920306246737428e-06
F78L,chr7:117509103:C>A,,,0.4463,ambiguous,,,
K857M,chr7:117595009:A>T,,,0.3562,ambiguous,,,
K503E,chr7:117559578:A>G,7-117559578-A-G,p.Lys503Glu,0.3653,ambiguous,6.846304570182153e-07,,6.846304570182153e-07
Y577D,chr7:117590402:T>G,,,0.5005,ambiguous,,,
V260E,chr7:117536583:T>A,,,0.362,ambiguous,,,
V510A,chr7:117559600:T>C,7-117559600-T-C,p.Val510Ala,0.3772,ambiguous,,,
V510G,chr7:117559600:T>G,,,0.412,ambiguous,,,
Y84D,chr7:117509119:T>G,,,0.4296,ambiguous,,,
S1159T,chr7:117627528:T>A,,,0.4484,ambiguous,,,
H1079Y,chr7:117611676:C>T,,,0.4999,ambiguous,,,
K857N,chr7:117595010:G>C,7-117595010-G-C,p.Lys857Asn,0.3494,ambiguous,,6.576264944562087e-06,6.576264944562087e-06
V862G,chr7:117595024:T>G,,,0.4362,ambiguous,,,
L1227F,chr7:117627734:A>T,,,0.4924,ambiguous,,,
L101V,chr7:117530926:T>G,,,0.3417,ambiguous,,,
T1478K,chr7:117667098:C>A,7-117667098-C-A,p.Thr1478Lys,0.4626,ambiguous,6.842285323297981e-07,,6.842285323297981e-07
T1478R,chr7:117667098:C>G,7-117667098-C-G,p.Thr1478Arg,0.3857,ambiguous,2.0526855969893943e-06,,2.0526855969893943e-06
V862A,chr7:117595024:T>C,,,0.3786,ambiguous,,,
V97A,chr7:117530915:T>C,7-117530915-T-C,p.Val97Ala,0.5371,ambiguous,6.848545779789119e-07,6.571511184712037e-06,6.571511184712037e-06
L1227F,chr7:117627734:A>C,,,0.4924,ambiguous,,,
N186I,chr7:117534343:A>T,,,0.437,ambiguous,,,
W882C,chr7:117602852:G>T,,,0.3747,ambiguous,,,
W882C,chr7:117602852:G>C,,,0.3747,ambiguous,,,
K606Q,chr7:117591983:A>C,,,0.4051,ambiguous,,,
D110N,chr7:117530953:G>A,,,0.3569,ambiguous,,,
K1389T,chr7:117665488:A>C,,,0.3893,ambiguous,,,
C590G,chr7:117591935:T>G,,,0.4469,ambiguous,,,
F994L,chr7:117606747:C>A,7-117606747-C-A,p.Phe994Leu,0.4239,ambiguous,1.5060370571175311e-05,2.63189061862589e-05,2.63189061862589e-05
F994L,chr7:117606747:C>G,,,0.4239,ambiguous,,,
L1353V,chr7:117664781:T>G,,,0.4453,ambiguous,,,
S492Y,chr7:117559546:C>A,,,0.5579,ambiguous,,,
I506L,chr7:117559587:A>C,7-117559587-A-C,p.Ile506Leu,0.5066,ambiguous,4.108665998323665e-06,,4.108665998323665e-06
M281T,chr7:117536646:T>C,7-117536646-T-C,p.Met281Thr,0.4427,ambiguous,8.22137420269798e-06,6.572979794660111e-05,6.572979794660111e-05
F316I,chr7:117540176:T>A,,,0.3649,ambiguous,,,
E1433V,chr7:117666963:A>T,,,0.4131,ambiguous,,,
G330A,chr7:117540219:G>C,,,0.3503,ambiguous,,,
G330V,chr7:117540219:G>T,7-117540219-G-T,p.Gly330Val,0.5375,ambiguous,6.840675202005138e-07,,6.840675202005138e-07
G1208S,chr7:117627675:G>A,,,0.5377,ambiguous,,,
M394I,chr7:117542081:G>A,,,0.4733,ambiguous,,,
M394I,chr7:117542081:G>C,,,0.4733,ambiguous,,,
L1258F,chr7:117642494:G>C,,,0.4594,ambiguous,,,
L320S,chr7:117540189:T>C,7-117540189-T-C,p.Leu320Ser,0.4459,ambiguous,6.840853027009056e-07,,6.840853027009056e-07
Q996E,chr7:117606751:C>G,,,0.3802,ambiguous,,,
L172Q,chr7:117534301:T>A,,,0.523,ambiguous,,,
M348L,chr7:117540272:A>T,,,0.4577,ambiguous,,,
A300V,chr7:117540129:C>T,7-117540129-C-T,p.Ala300Val,0.3989,ambiguous,6.845882749196978e-07,,6.845882749196978e-07
L1258F,chr7:117642494:G>T,,,0.4594,ambiguous,,,
S108T,chr7:117530947:T>A,,,0.4604,ambiguous,,,
L172R,chr7:117534301:T>G,,,0.5595,ambiguous,,,
M348V,chr7:117540272:A>G,7-117540272-A-G,p.Met348Val,0.4689,ambiguous,1.368183708762943e-06,6.572115826969334e-06,6.572115826969334e-06
M348L,chr7:117540272:A>C,,,0.4577,ambiguous,,,
N386I,chr7:117542056:A>T,,,0.4072,ambiguous,,,
S1161R,chr7:117627536:C>G,,,0.368,ambiguous,,,
F1232I,chr7:117627747:T>A,,,0.4144,ambiguous,,,
S1161R,chr7:117627536:C>A,,,0.368,ambiguous,,,
L1243F,chr7:117642449:G>C,,,0.4359,ambiguous,,,
F1232V,chr7:117627747:T>G,,,0.3933,ambiguous,,,
L1243F,chr7:117642449:G>T,,,0.4359,ambiguous,,,
I521T,chr7:117559633:T>C,,,0.3815,ambiguous,,,
A280P,chr7:117536642:G>C,,,0.3796,ambiguous,,,
P1013A,chr7:117610567:C>G,,,0.48,ambiguous,,,
L594R,chr7:117591948:T>G,,,0.5422,ambiguous,,,
T844S,chr7:117594969:A>T,,,0.4863,ambiguous,,,
L594Q,chr7:117591948:T>A,7-117591948-T-A,p.Leu594Gln,0.4632,ambiguous,,6.569784248285286e-06,6.569784248285286e-06
T844P,chr7:117594969:A>C,,,0.5219,ambiguous,,,
R810G,chr7:117592595:A>G,7-117592595-A-G,p.Arg810Gly,0.4842,ambiguous,1.0900402297514126e-05,1.3134218579665603e-05,1.3134218579665603e-05
S1435R,chr7:117666970:C>A,,,0.443,ambiguous,,,
S1435R,chr7:117666970:C>G,,,0.443,ambiguous,,,
V1293A,chr7:117652846:T>C,7-117652846-T-C,p.Val1293Ala,0.4108,ambiguous,,,
K1363N,chr7:117664813:G>C,,,0.4408,ambiguous,,,
W79C,chr7:117509106:G>C,,,0.4751,ambiguous,,,
T296S,chr7:117540117:C>G,,,0.4886,ambiguous,,,
V392A,chr7:117542074:T>C,,,0.3481,ambiguous,,,
G1237D,chr7:117627763:G>A,7-117627763-G-A,p.Gly1237Asp,0.5587,ambiguous,1.0283410801694705e-05,1.9715570042848506e-05,1.9715570042848506e-05
D651E,chr7:117592120:C>A,,,0.3731,ambiguous,,,
Y515D,chr7:117559614:T>G,,,0.4084,ambiguous,,,
C76S,chr7:117509095:T>A,,,0.3478,ambiguous,,,
D651E,chr7:117592120:C>G,,,0.3731,ambiguous,,,
I471F,chr7:117559482:A>T,7-117559482-A-T,p.Ile471Phe,0.3907,ambiguous,6.874108943628182e-07,,6.874108943628182e-07
K1363N,chr7:117664813:G>T,,,0.4408,ambiguous,,,
C76G,chr7:117509095:T>G,,,0.3493,ambiguous,,,
H620D,chr7:117592025:C>G,,,0.5586,ambiguous,,,
W79C,chr7:117509106:G>T,,,0.4751,ambiguous,,,
V1293G,chr7:117652846:T>G,,,0.498,ambiguous,,,
D1152E,chr7:117614701:T>G,,,0.3697,ambiguous,,,
D1152E,chr7:117614701:T>A,7-117614701-T-A,p.Asp1152Glu,0.3697,ambiguous,,6.576264944562087e-06,6.576264944562087e-06
T1216P,chr7:117627699:A>C,7-117627699-A-C,p.Thr1216Pro,0.5562,ambiguous,2.7398836645396034e-06,,2.7398836645396034e-06
Q237E,chr7:117535377:C>G,7-117535377-C-G,p.Gln237Glu,0.457,ambiguous,1.2997140629061606e-05,6.5731526154574255e-06,1.2997140629061606e-05
M82K,chr7:117509114:T>A,,,0.5055,ambiguous,,,
S313T,chr7:117540167:T>A,,,0.4835,ambiguous,,,
M82R,chr7:117509114:T>G,,,0.4517,ambiguous,,,
I995N,chr7:117606749:T>A,7-117606749-T-A,p.Ile995Asn,0.5539,ambiguous,7.222417227487365e-07,,7.222417227487365e-07
M1140T,chr7:117614664:T>C,,,0.4765,ambiguous,,,
I995S,chr7:117606749:T>G,,,0.3467,ambiguous,,,
A596D,chr7:117591954:C>A,7-117591954-C-A,p.Ala596Asp,0.3856,ambiguous,,,
S573Y,chr7:117590391:C>A,,,0.5402,ambiguous,,,
G545A,chr7:117587788:G>C,,,0.3821,ambiguous,,,
L1040V,chr7:117610648:C>G,,,0.3689,ambiguous,,,
Y512S,chr7:117559606:A>C,,,0.3668,ambiguous,,,
F1232Y,chr7:117627748:T>A,,,0.5558,ambiguous,,,
A72G,chr7:117509084:C>G,7-117509084-C-G,p.Ala72Gly,0.5118,ambiguous,6.845873375987689e-07,,6.845873375987689e-07
R75G,chr7:117509092:C>G,,,0.5435,ambiguous,,,
S168A,chr7:117534288:T>G,,,0.3672,ambiguous,,,
I23F,chr7:117504266:A>T,,,0.4226,ambiguous,,,
K273R,chr7:117536622:A>G,,,0.4298,ambiguous,,,
Y1032H,chr7:117610624:T>C,,,0.4885,ambiguous,,,
E588V,chr7:117590436:A>T,7-117590436-A-T,p.Glu588Val,0.3416,ambiguous,6.90294051460041e-07,,6.90294051460041e-07
I1151L,chr7:117614696:A>C,,,0.4171,ambiguous,,,
N396I,chr7:117542086:A>T,,,0.5072,ambiguous,,,
I1151L,chr7:117614696:A>T,7-117614696-A-T,p.Ile1151Leu,0.4171,ambiguous,,6.57384398953444e-06,6.57384398953444e-06
T501P,chr7:117559572:A>C,,,0.5277,ambiguous,,,
N1229I,chr7:117627739:A>T,,,0.5216,ambiguous,,,
H1054L,chr7:117611602:A>T,7-117611602-A-T,p.His1054Leu,0.4512,ambiguous,6.852591170299226e-07,,6.852591170299226e-07
Y275C,chr7:117536628:A>G,,,0.408,ambiguous,,,
D1168Y,chr7:117627555:G>T,7-117627555-G-T,p.Asp1168Tyr,0.5224,ambiguous,1.3689235196118828e-06,,1.3689235196118828e-06
T1211P,chr7:117627684:A>C,,,0.4534,ambiguous,,,
Q1038L,chr7:117610643:A>T,,,0.4829,ambiguous,,,
S1347T,chr7:117664764:G>C,,,0.4777,ambiguous,,,
L346V,chr7:117540266:C>G,,,0.4408,ambiguous,,,
L346M,chr7:117540266:C>A,7-117540266-C-A,p.Leu346Met,0.3849,ambiguous,,,
D614G,chr7:117592008:A>G,7-117592008-A-G,p.Asp614Gly,0.4147,ambiguous,8.331447186262e-06,1.3128700652496422e-05,1.3128700652496422e-05
L1215F,chr7:117627696:C>T,,,0.3667,ambiguous,,,
K612N,chr7:117592003:A>C,,,0.3631,ambiguous,,,
E402V,chr7:117542104:A>T,,,0.3763,ambiguous,,,
R1479T,chr7:117667101:G>C,,,0.3627,ambiguous,,,
S118C,chr7:117530978:C>G,7-117530978-C-G,p.Ser118Cys,0.4321,ambiguous,1.3684926464047646e-06,,1.3684926464047646e-06
V1163L,chr7:117627540:G>C,,,0.4094,ambiguous,,,
R1479M,chr7:117667101:G>T,,,0.3714,ambiguous,,,
K381N,chr7:117542042:G>C,,,0.4356,ambiguous,,,
A1136G,chr7:117614652:C>G,,,0.4134,ambiguous,,,
K381N,chr7:117542042:G>T,7-117542042-G-T,p.Lys381Asn,0.4356,ambiguous,,,
P1290L,chr7:117642589:C>T,7-117642589-C-T,p.Pro1290Leu,0.4939,ambiguous,5.475596634698308e-06,,5.475596634698308e-06
T164S,chr7:117534276:A>T,,,0.354,ambiguous,,,
P1021L,chr7:117610592:C>T,,,0.4272,ambiguous,,,
N974H,chr7:117606685:A>C,,,0.4764,ambiguous,,,
Y122N,chr7:117530989:T>A,7-117530989-T-A,p.Tyr122Asn,0.4252,ambiguous,6.843409112683574e-07,,6.843409112683574e-07
Q493P,chr7:117559549:A>C,7-117559549-A-C,p.Gln493Pro,0.4007,ambiguous,6.850535026785592e-07,,6.850535026785592e-07
I105M,chr7:117530940:C>G,7-117530940-C-G,p.Ile105Met,0.3624,ambiguous,3.4213439860299683e-06,,3.4213439860299683e-06
N189I,chr7:117534352:A>T,,,0.5185,ambiguous,,,
H620Q,chr7:117592027:T>G,,,0.4167,ambiguous,,,
H620Q,chr7:117592027:T>A,,,0.4167,ambiguous,,,
K564Q,chr7:117590363:A>C,,,0.4104,ambiguous,,,
P477H,chr7:117559501:C>A,7-117559501-C-A,p.Pro477His,0.5441,ambiguous,,1.3154433043935807e-05,1.3154433043935807e-05
E282V,chr7:117536649:A>T,,,0.3551,ambiguous,,,
V1160M,chr7:117627531:G>A,,,0.5567,ambiguous,,,
R668S,chr7:117592169:C>A,,,0.3754,ambiguous,,,
S1118C,chr7:117611794:C>G,7-117611794-C-G,p.Ser1118Cys,0.4189,ambiguous,1.097088190805578e-05,6.589872683659752e-06,1.097088190805578e-05
R553L,chr7:117587812:G>T,7-117587812-G-T,p.Arg553Leu,0.4615,ambiguous,,,
R170L,chr7:117534295:G>T,,,0.3516,ambiguous,,,
P477R,chr7:117559501:C>G,,,0.5216,ambiguous,,,
S1150G,chr7:117614693:A>G,,,0.4313,ambiguous,,,
M472T,chr7:117559486:T>C,,,0.46,ambiguous,,,
D173G,chr7:117534304:A>G,,,0.3954,ambiguous,,,
L636P,chr7:117592074:T>C,7-117592074-T-C,p.Leu636Pro,0.4943,ambiguous,,1.3141986016926878e-05,1.3141986016926878e-05
P67T,chr7:117509068:C>A,,,0.526,ambiguous,,,
S50T,chr7:117504347:T>A,,,0.3725,ambiguous,,,
C592R,chr7:117591941:T>C,7-117591941-T-C,p.Cys592Arg,0.4205,ambiguous,,,
G314A,chr7:117540171:G>C,7-117540171-G-C,p.Gly314Ala,0.3776,ambiguous,2.052342954717105e-06,,2.052342954717105e-06
C592S,chr7:117591941:T>A,,,0.3794,ambiguous,,,
S821R,chr7:117592628:A>C,7-117592628-A-C,p.Ser821Arg,0.4088,ambiguous,,6.5688348200796145e-06,6.5688348200796145e-06
N386Y,chr7:117542055:A>T,,,0.3419,ambiguous,,,
F433L,chr7:117548730:C>A,,,0.3664,ambiguous,,,
A399V,chr7:117542095:C>T,7-117542095-C-T,p.Ala399Val,0.3479,ambiguous,8.931586835957452e-05,2.6275339280318458e-05,8.931586835957452e-05
A399G,chr7:117542095:C>G,7-117542095-C-G,p.Ala399Gly,0.3407,ambiguous,5.5822417724734076e-06,,5.5822417724734076e-06
F433L,chr7:117548730:C>G,,,0.3664,ambiguous,,,
V1240G,chr7:117642439:T>G,7-117642439-T-G,p.Val1240Gly,0.5637,ambiguous,2.053213827163198e-06,,2.053213827163198e-06
A1440D,chr7:117666984:C>A,,,0.535,ambiguous,,,
K1292N,chr7:117652844:A>T,,,0.5086,ambiguous,,,
G1125V,chr7:117614619:G>T,,,0.3772,ambiguous,,,
D1270N,chr7:117642528:G>A,7-117642528-G-A,p.Asp1270Asn,0.5027,ambiguous,0.00043452674221273335,0.0041580178144459915,0.0041580178144459915
Q1309P,chr7:117652894:A>C,,,0.3886,ambiguous,,,
N771I,chr7:117592479:A>T,,,0.3626,ambiguous,,,
N1148I,chr7:117614688:A>T,,,0.4057,ambiguous,,,
F1337Y,chr7:117664734:T>A,,,0.4355,ambiguous,,,
A1364G,chr7:117664815:C>G,,,0.3575,ambiguous,,,
K64M,chr7:117509060:A>T,,,0.3895,ambiguous,,,
V440A,chr7:117548750:T>C,7-117548750-T-C,p.Val440Ala,0.4991,ambiguous,6.846032724036421e-07,,6.846032724036421e-07
A9G,chr7:117480120:C>G,,,0.3769,ambiguous,,,
G461A,chr7:117548813:G>C,,,0.5093,ambiguous,,,
A566G,chr7:117590370:C>G,,,0.5172,ambiguous,,,
I942F,chr7:117603698:A>T,,,0.471,ambiguous,,,
L1156S,chr7:117614712:T>C,,,0.5624,ambiguous,,,
P499R,chr7:117559567:C>G,,,0.5589,ambiguous,,,
S431R,chr7:117548724:T>A,,,0.4391,ambiguous,,,
V93G,chr7:117530903:T>G,7-117530903-T-G,p.Val93Gly,0.3824,ambiguous,6.879840828002603e-07,,6.879840828002603e-07
P499L,chr7:117559567:C>T,,,0.3921,ambiguous,,,
P499H,chr7:117559567:C>A,,,0.5447,ambiguous,,,
I336M,chr7:117540238:A>G,,,0.4424,ambiguous,,,
T599S,chr7:117591963:C>G,7-117591963-C-G,p.Thr599Ser,0.3764,ambiguous,1.3886805868008688e-06,,1.3886805868008688e-06
C866S,chr7:117595035:T>A,,,0.4015,ambiguous,,,
S431R,chr7:117548724:T>G,,,0.4391,ambiguous,,,
Y380D,chr7:117542037:T>G,,,0.5306,ambiguous,,,
T1396S,chr7:117665508:A>T,,,0.4599,ambiguous,,,
M645I,chr7:117592102:G>A,,,0.4208,ambiguous,,,
L578I,chr7:117590405:C>A,,,0.3507,ambiguous,,,
I444F,chr7:117548761:A>T,,,0.3832,ambiguous,,,
S821R,chr7:117592630:T>G,,,0.4088,ambiguous,,,
T1121R,chr7:117611803:C>G,,,0.5061,ambiguous,,,
S821R,chr7:117592630:T>A,7-117592630-T-A,p.Ser821Arg,0.4088,ambiguous,,,
I331F,chr7:117540221:A>T,,,0.3551,ambiguous,,,
K698M,chr7:117592260:A>T,,,0.4002,ambiguous,,,
K698T,chr7:117592260:A>C,,,0.372,ambiguous,,,
V1114A,chr7:117611782:T>C,,,0.5504,ambiguous,,,
V456L,chr7:117548797:G>C,7-117548797-G-C,p.Val456Leu,0.3419,ambiguous,,6.572893387669252e-06,6.572893387669252e-06
S158G,chr7:117531097:A>G,7-117531097-A-G,p.Ser158Gly,0.4472,ambiguous,4.1080414912190615e-06,6.571252086372537e-06,6.571252086372537e-06
T665P,chr7:117592160:A>C,,,0.4099,ambiguous,,,
F17Y,chr7:117480144:T>A,,,0.4835,ambiguous,,,
N1088D,chr7:117611703:A>G,7-117611703-A-G,p.Asn1088Asp,0.4991,ambiguous,3.4212362979486267e-06,,3.4212362979486267e-06
A412P,chr7:117548665:G>C,,,0.3638,ambiguous,,,
R334Q,chr7:117540231:G>A,7-117540231-G-A,p.Arg334Gln,0.3929,ambiguous,0.0001942746441490497,9.20072028495945e-05,0.0001942746441490497
G542E,chr7:117587779:G>A,7-117587779-G-A,p.Gly542Glu,0.4399,ambiguous,2.0547551142854796e-06,,2.0547551142854796e-06
A554G,chr7:117587815:C>G,,,0.3549,ambiguous,,,
P324A,chr7:117540200:C>G,7-117540200-C-G,p.Pro324Ala,0.5624,ambiguous,6.841199344339455e-07,6.573584707212537e-06,6.573584707212537e-06
I340M,chr7:117540250:C>G,,,0.3577,ambiguous,,,
K377T,chr7:117542029:A>C,,,0.3741,ambiguous,,,
F711L,chr7:117592300:T>A,,,0.5213,ambiguous,,,
D1168G,chr7:117627556:A>G,7-117627556-A-G,p.Asp1168Gly,0.4164,ambiguous,2.7378133085104926e-06,1.9715310910453057e-05,1.9715310910453057e-05
T339S,chr7:117540245:A>T,,,0.4037,ambiguous,,,
F711L,chr7:117592300:T>G,,,0.5213,ambiguous,,,
V350F,chr7:117540278:G>T,,,0.4832,ambiguous,,,
T1252A,chr7:117642474:A>G,,,0.4669,ambiguous,,,
D1341V,chr7:117664746:A>T,,,0.4051,ambiguous,,,
G1123V,chr7:117614613:G>T,7-117614613-G-T,p.Gly1123Val,0.4466,ambiguous,6.912789628603465e-07,,6.912789628603465e-07
I1131L,chr7:117614636:A>C,,,0.3899,ambiguous,,,
G1069V,chr7:117611647:G>T,7-117611647-G-T,p.Gly1069Val,0.5258,ambiguous,6.842669243159725e-07,,6.842669243159725e-07
D47N,chr7:117504338:G>A,7-117504338-G-A,p.Asp47Asn,0.3751,ambiguous,6.904808923222667e-07,,6.904808923222667e-07
G1207W,chr7:117627672:G>T,,,0.3558,ambiguous,,,
L812S,chr7:117592602:T>C,,,0.4095,ambiguous,,,
L34S,chr7:117504300:T>C,,,0.3687,ambiguous,,,
V874G,chr7:117602827:T>G,,,0.4221,ambiguous,,,
I807T,chr7:117592587:T>C,,,0.3967,ambiguous,,,
I86N,chr7:117509126:T>A,,,0.5295,ambiguous,,,
P477S,chr7:117559500:C>T,7-117559500-C-T,p.Pro477Ser,0.3522,ambiguous,0.0001741097439764198,3.289603536981723e-05,0.0001741097439764198
I807R,chr7:117592587:T>G,,,0.4751,ambiguous,,,
V397A,chr7:117542089:T>C,,,0.3941,ambiguous,,,
A1406V,chr7:117665539:C>T,7-117665539-C-T,p.Ala1406Val,0.3432,ambiguous,,6.570647603027754e-06,6.570647603027754e-06
V874M,chr7:117602826:G>A,7-117602826-G-A,p.Val874Met,0.5363,ambiguous,4.105185807551626e-06,,4.105185807551626e-06
L206S,chr7:117535285:T>C,,,0.5358,ambiguous,,,
I255F,chr7:117536567:A>T,,,0.3449,ambiguous,,,
L375I,chr7:117542022:T>A,,,0.3651,ambiguous,,,
N187Y,chr7:117534345:A>T,,,0.4315,ambiguous,,,
R600K,chr7:117591966:G>A,,,0.496,ambiguous,,,
I488F,chr7:117559533:A>T,,,0.457,ambiguous,,,
F587Y,chr7:117590433:T>A,,,0.5264,ambiguous,,,
L375V,chr7:117542022:T>G,7-117542022-T-G,p.Leu375Val,0.467,ambiguous,7.325824851249127e-07,,7.325824851249127e-07
L293R,chr7:117540108:T>G,,,0.4714,ambiguous,,,
S341T,chr7:117540251:T>A,,,0.5595,ambiguous,,,
S341A,chr7:117540251:T>G,,,0.4139,ambiguous,,,
N187D,chr7:117534345:A>G,,,0.3636,ambiguous,,,
L293Q,chr7:117540108:T>A,,,0.3584,ambiguous,,,
E504Q,chr7:117559581:G>C,,,0.3925,ambiguous,,,
C592Y,chr7:117591942:G>A,7-117591942-G-A,p.Cys592Tyr,0.3871,ambiguous,1.4020624338401788e-06,,1.4020624338401788e-06
Y380S,chr7:117542038:A>C,,,0.4045,ambiguous,,,
N597I,chr7:117591957:A>T,,,0.3855,ambiguous,,,
R709P,chr7:117592293:G>C,,,0.3909,ambiguous,,,
C592S,chr7:117591942:G>C,,,0.3794,ambiguous,,,
V181L,chr7:117534327:G>C,,,0.3897,ambiguous,,,
G1323A,chr7:117664692:G>C,,,0.4504,ambiguous,,,
G622A,chr7:117592032:G>C,,,0.5567,ambiguous,,,
K1165E,chr7:117627546:A>G,,,0.3473,ambiguous,,,
A523V,chr7:117559639:C>T,,,0.4239,ambiguous,,,
I507F,chr7:117559590:A>T,,,0.429,ambiguous,,,
A523G,chr7:117559639:C>G,,,0.4209,ambiguous,,,
T20N,chr7:117504258:C>A,7-117504258-C-A,p.Thr20Asn,0.4072,ambiguous,,,
K370E,chr7:117540338:A>G,7-117540338-A-G,p.Lys370Glu,0.5016,ambiguous,2.053132327115992e-06,,2.053132327115992e-06
Q1144L,chr7:117614676:A>T,,,0.5477,ambiguous,,,
V1129L,chr7:117614630:G>C,7-117614630-G-C,p.Val1129Leu,0.3645,ambiguous,,,
F1294Y,chr7:117652849:T>A,,,0.478,ambiguous,,,
G91V,chr7:117509141:G>T,,,0.395,ambiguous,,,
G1298A,chr7:117652861:G>C,,,0.4349,ambiguous,,,
L167V,chr7:117534285:C>G,,,0.3901,ambiguous,,,
E264Q,chr7:117536594:G>C,,,0.4378,ambiguous,,,
P574A,chr7:117590393:C>G,,,0.4851,ambiguous,,,
I1167F,chr7:117627552:A>T,,,0.4532,ambiguous,,,
T604S,chr7:117591977:A>T,,,0.5065,ambiguous,,,
S531P,chr7:117587745:T>C,7-117587745-T-C,p.Ser531Pro,0.5147,ambiguous,,,
Y808S,chr7:117592590:A>C,,,0.3457,ambiguous,,,
Y304C,chr7:117540141:A>G,,,0.5274,ambiguous,,,
R59I,chr7:117509045:G>T,,,0.467,ambiguous,,,
R59T,chr7:117509045:G>C,,,0.4985,ambiguous,,,
K1365T,chr7:117664818:A>C,,,0.3978,ambiguous,,,
K190Q,chr7:117534354:A>C,,,0.5278,ambiguous,,,
S108C,chr7:117530948:C>G,,,0.52,ambiguous,,,
I497F,chr7:117559560:A>T,7-117559560-A-T,p.Ile497Phe,0.4734,ambiguous,6.84885535080522e-07,,6.84885535080522e-07
T296A,chr7:117540116:A>G,,,0.5245,ambiguous,,,
T296S,chr7:117540116:A>T,,,0.4886,ambiguous,,,
Y38H,chr7:117504311:T>C,7-117504311-T-C,p.Tyr38His,0.3916,ambiguous,1.0955467394474884e-05,1.9707540104844112e-05,1.9707540104844112e-05
I864N,chr7:117595030:T>A,,,0.5021,ambiguous,,,
G550A,chr7:117587803:G>C,,,0.4333,ambiguous,,,
F312I,chr7:117540164:T>A,,,0.5601,ambiguous,,,
E51G,chr7:117504351:A>G,7-117504351-A-G,p.Glu51Gly,0.4658,ambiguous,,,
S1141C,chr7:117614666:A>T,,,0.439,ambiguous,,,
Q290P,chr7:117536673:A>C,,,0.4905,ambiguous,,,
F312V,chr7:117540164:T>G,,,0.4716,ambiguous,,,
H620L,chr7:117592026:A>T,7-117592026-A-T,p.His620Leu,0.3823,ambiguous,2.7717876367184253e-06,6.569180034948038e-06,6.569180034948038e-06
D1312H,chr7:117652902:G>C,7-117652902-G-C,p.Asp1312His,0.4688,ambiguous,6.876727777854186e-07,,6.876727777854186e-07
V938A,chr7:117603687:T>C,,,0.5382,ambiguous,,,
I601F,chr7:117591968:A>T,7-117591968-A-T,p.Ile601Phe,0.4904,ambiguous,6.930074165653721e-06,1.3134218579665603e-05,1.3134218579665603e-05
H1350L,chr7:117664773:A>T,,,0.4215,ambiguous,,,
S13T,chr7:117480131:T>A,,,0.3507,ambiguous,,,
N113T,chr7:117530963:A>C,,,0.4202,ambiguous,,,
Q1144E,chr7:117614675:C>G,,,0.3661,ambiguous,,,
A928T,chr7:117603656:G>A,,,0.343,ambiguous,,,
I285F,chr7:117536657:A>T,7-117536657-A-T,p.Ile285Phe,0.5013,ambiguous,0.0001075889253305447,0.0012931260830751456,0.0012931260830751456
A462G,chr7:117548816:C>G,,,0.3516,ambiguous,,,
A928G,chr7:117603657:C>G,,,0.365,ambiguous,,,
C76S,chr7:117509096:G>C,,,0.3478,ambiguous,,,
C832W,chr7:117594935:C>G,,,0.3806,ambiguous,,,
P1306A,chr7:117652884:C>G,,,0.5465,ambiguous,,,
R668P,chr7:117592170:G>C,,,0.5562,ambiguous,,,
R1259G,chr7:117642495:A>G,,,0.4539,ambiguous,,,
I991T,chr7:117606737:T>C,,,0.3625,ambiguous,,,
T844S,chr7:117594970:C>G,,,0.4863,ambiguous,,,
Q30P,chr7:117504288:A>C,,,0.4124,ambiguous,,,
A46G,chr7:117504336:C>G,,,0.551,ambiguous,,,
I506M,chr7:117559589:C>G,7-117559589-C-G,p.Ile506Met,0.4427,ambiguous,3.4252205842056227e-06,6.57825492053468e-06,6.57825492053468e-06
W1316L,chr7:117652915:G>T,,,0.5608,ambiguous,,,
R1158Q,chr7:117627526:G>A,7-117627526-G-A,p.Arg1158Gln,0.3624,ambiguous,3.4227304900939335e-06,6.576005471236552e-06,6.576005471236552e-06
Y515S,chr7:117559615:A>C,,,0.3912,ambiguous,,,
L1084S,chr7:117611692:T>C,,,0.3416,ambiguous,,,
E1228V,chr7:117627736:A>T,,,0.3747,ambiguous,,,
K584I,chr7:117590424:A>T,,,0.3992,ambiguous,,,
M607T,chr7:117591987:T>C,7-117591987-T-C,p.Met607Thr,0.3481,ambiguous,6.916585973163646e-07,,6.916585973163646e-07
V580D,chr7:117590412:T>A,,,0.4936,ambiguous,,,
K1292N,chr7:117652844:A>C,,,0.5086,ambiguous,,,
V93L,chr7:117530902:G>C,,,0.3637,ambiguous,,,
G126A,chr7:117531002:G>C,7-117531002-G-C,p.Gly126Ala,0.347,ambiguous,6.842472595897254e-07,6.571770303484353e-06,6.571770303484353e-06
Y627S,chr7:117592047:A>C,,,0.3572,ambiguous,,,
E193Q,chr7:117534363:G>C,,,0.4788,ambiguous,,,
S307G,chr7:117540149:A>G,,,0.3951,ambiguous,,,
K1165M,chr7:117627547:A>T,,,0.3791,ambiguous,,,
V317A,chr7:117540180:T>C,7-117540180-T-C,p.Val317Ala,0.5596,ambiguous,2.0522952185625998e-06,,2.0522952185625998e-06
T582S,chr7:117590417:A>T,7-117590417-A-T,p.Thr582Ser,0.418,ambiguous,5.515963197493546e-06,1.3141640602412806e-05,1.3141640602412806e-05
