variant_id,pangolin_max_abs
chr7:117665559:T>G,0.0
chr7:117665559:T>A,0.0
chr7:117665555:A>T,0.0
chr7:117665555:A>C,0.0
chr7:117665547:G>A,0.009999999776482582
chr7:117665563:T>G,0.009999999776482582
chr7:117665554:A>T,0.0
chr7:117665480:A>T,0.019999999552965164
chr7:117665480:A>C,0.019999999552965164
chr7:117665557:A>C,0.0
chr7:117603753:C>A,0.07999999821186066
chr7:117665543:G>A,0.0
chr7:117665543:G>C,0.0
chr7:117603747:A>C,0.07000000029802322
chr7:117665538:G>C,0.009999999776482582
chr7:117610577:T>A,0.0
chr7:117665505:T>A,0.0
chr7:117665505:T>G,0.0
chr7:117610577:T>G,0.0
chr7:117610577:T>C,0.0
chr7:117665511:G>C,0.029999999329447746
chr7:117665511:G>T,0.05000000074505806
chr7:117603653:C>G,0.009999999776482582
chr7:117603653:C>A,0.0
chr7:117603723:A>C,0.009999999776482582
chr7:117665506:G>C,0.019999999552965164
chr7:117603757:G>A,0.03999999910593033
chr7:117665548:A>T,0.10000000149011612
chr7:117535290:G>A,0.009999999776482582
chr7:117603735:A>C,0.0
chr7:117603756:T>C,0.0
chr7:117603692:A>C,0.0
chr7:117603765:T>G,0.0
chr7:117603718:A>C,0.0
chr7:117603765:T>A,0.03999999910593033
chr7:117603718:A>T,0.0
chr7:117665476:G>C,0.0
chr7:117665476:G>T,0.019999999552965164
chr7:117603587:G>C,0.0
chr7:117603587:G>T,0.009999999776482582
chr7:117603769:C>G,0.0
chr7:117603769:C>A,0.12999999523162842
chr7:117665472:A>T,0.0
chr7:117535321:T>C,0.0
chr7:117535321:T>G,0.0
chr7:117603738:C>T,0.029999999329447746
chr7:117665491:A>C,0.0
chr7:117603728:A>C,0.0
chr7:117531013:C>G,0.0
chr7:117603728:A>G,0.0
chr7:117531013:C>A,0.0
chr7:117603728:A>T,0.0
chr7:117664694:C>G,0.03999999910593033
chr7:117664694:C>T,0.029999999329447746
chr7:117666945:T>G,0.009999999776482582
chr7:117664760:C>G,0.0
chr7:117664760:C>A,0.0
chr7:117666945:T>C,0.0
chr7:117611601:C>T,0.2800000011920929
chr7:117603711:A>T,0.009999999776482582
chr7:117610550:T>C,0.0
chr7:117603741:T>C,0.0
chr7:117603777:A>C,0.009999999776482582
chr7:117535311:A>T,0.0
chr7:117664699:A>T,0.029999999329447746
chr7:117664699:A>C,0.0
chr7:117665533:T>G,0.009999999776482582
chr7:117591945:A>T,0.05000000074505806
chr7:117534358:T>A,0.0
chr7:117531098:G>C,0.0
chr7:117603689:C>G,0.0
chr7:117610646:A>G,0.0
chr7:117603693:C>T,0.019999999552965164
chr7:117587796:C>G,0.05999999865889549
chr7:117587794:C>A,0.0
chr7:117587794:C>G,0.0
chr7:117587796:C>A,0.0
chr7:117603651:T>G,0.0
chr7:117603757:G>C,0.029999999329447746
chr7:117603603:C>T,0.0
chr7:117603757:G>T,0.03999999910593033
chr7:117535291:T>G,0.05999999865889549
chr7:117603704:G>C,0.0
chr7:117603704:G>T,0.009999999776482582
chr7:117665543:G>T,0.0
chr7:117610625:A>C,0.009999999776482582
chr7:117594997:T>G,0.009999999776482582
chr7:117592043:T>G,0.019999999552965164
chr7:117594997:T>A,0.0
chr7:117531050:T>C,0.0
chr7:117611594:T>G,0.009999999776482582
chr7:117603690:A>T,0.0
chr7:117603633:T>C,0.0
chr7:117664707:T>C,0.0
chr7:117665463:T>G,0.17000000178813934
chr7:117603719:C>T,0.009999999776482582
chr7:117480123:G>T,0.009999999776482582
chr7:117535299:C>G,0.0
chr7:117535299:C>A,0.0
chr7:117664689:T>C,0.23999999463558197
chr7:117664826:C>A,0.03999999910593033
chr7:117611725:C>T,0.0
chr7:117664845:C>T,0.029999999329447746
chr7:117664845:C>G,0.03999999910593033
chr7:117664820:A>C,0.14000000059604645
chr7:117664808:A>C,0.0
chr7:117664812:A>T,0.0
chr7:117664731:A>T,0.07000000029802322
chr7:117664812:A>C,0.0
chr7:117666975:T>G,0.0
chr7:117603594:T>G,0.0
chr7:117531047:C>T,0.0
chr7:117603594:T>A,0.009999999776482582
chr7:117603594:T>C,0.009999999776482582
chr7:117531055:G>T,0.03999999910593033
chr7:117540222:T>C,0.0
chr7:117540222:T>A,0.0
chr7:117603782:G>T,0.75
chr7:117531113:A>G,0.5899999737739563
chr7:117611714:G>T,0.0
chr7:117603727:A>T,0.0
chr7:117603727:A>C,0.0
chr7:117611714:G>C,0.0
chr7:117540305:C>A,0.0
chr7:117666915:A>T,0.05000000074505806
chr7:117666915:A>C,0.03999999910593033
chr7:117610574:T>C,0.0
chr7:117603638:G>T,0.009999999776482582
chr7:117603638:G>C,0.0
chr7:117603686:G>A,0.0
chr7:117603686:G>T,0.0
chr7:117531040:C>T,0.029999999329447746
chr7:117531040:C>A,0.019999999552965164
chr7:117603686:G>C,0.0
chr7:117603661:G>T,0.0
chr7:117603661:G>C,0.0
chr7:117591938:G>T,0.05999999865889549
chr7:117666909:T>C,0.03999999910593033
chr7:117666909:T>G,0.019999999552965164
chr7:117603661:G>A,0.009999999776482582
chr7:117587752:T>G,0.0
chr7:117531085:A>C,0.0
chr7:117531085:A>T,0.05999999865889549
chr7:117530977:T>C,0.0
chr7:117592043:T>A,0.009999999776482582
chr7:117610583:C>G,0.0
chr7:117603588:T>G,0.019999999552965164
chr7:117504276:A>T,0.029999999329447746
chr7:117504276:A>C,0.009999999776482582
chr7:117603588:T>C,0.05999999865889549
chr7:117611604:C>T,0.3199999928474426
chr7:117535345:G>C,0.0
chr7:117592069:A>T,0.0
chr7:117536574:A>T,0.03999999910593033
chr7:117611632:C>T,0.0
chr7:117592069:A>C,0.009999999776482582
chr7:117610591:C>A,0.0
chr7:117610591:C>G,0.0
chr7:117665529:A>T,0.0
chr7:117535318:A>T,0.009999999776482582
chr7:117535318:A>C,0.009999999776482582
chr7:117531058:C>G,0.0
chr7:117611620:A>C,0.28999999165534973
chr7:117611596:T>A,0.009999999776482582
chr7:117611700:G>A,0.0
chr7:117603669:T>C,0.0
chr7:117665536:A>G,0.009999999776482582
chr7:117603707:T>A,0.0
chr7:117531062:A>G,0.0
chr7:117587775:C>T,0.009999999776482582
chr7:117610642:C>G,0.0
chr7:117610642:C>A,0.009999999776482582
chr7:117611671:T>G,0.0
chr7:117535275:A>C,0.18000000715255737
chr7:117664792:G>T,0.009999999776482582
chr7:117540138:G>A,0.009999999776482582
chr7:117664792:G>C,0.009999999776482582
chr7:117535317:G>A,0.0
chr7:117652897:G>T,0.019999999552965164
chr7:117652897:G>C,0.0
chr7:117664733:T>A,0.0
chr7:117664733:T>G,0.0
chr7:117665487:A>G,0.0
chr7:117666983:G>C,0.0
chr7:117666991:C>G,0.0
chr7:117592657:G>C,0.10999999940395355
chr7:117592125:T>C,0.029999999329447746
chr7:117535308:C>G,0.18000000715255737
chr7:117592657:G>T,0.09000000357627869
chr7:117666991:C>A,0.0
chr7:117592022:T>G,0.009999999776482582
chr7:117611618:A>C,0.019999999552965164
chr7:117664716:T>A,0.0
chr7:117611618:A>T,0.019999999552965164
chr7:117606740:T>A,0.0
chr7:117590361:A>T,0.019999999552965164
chr7:117611590:C>T,0.6200000047683716
chr7:117611722:C>T,0.0
chr7:117611791:T>G,0.0
chr7:117611758:T>C,0.0
chr7:117665535:G>A,0.009999999776482582
chr7:117611758:T>G,0.019999999552965164
chr7:117603666:T>C,0.0
chr7:117540236:A>C,0.0
chr7:117664793:G>A,0.0
chr7:117587750:G>C,0.03999999910593033
chr7:117540236:A>T,0.0
chr7:117587750:G>T,0.1599999964237213
chr7:117667072:G>C,0.0
chr7:117667072:G>T,0.009999999776482582
chr7:117480103:G>T,0.009999999776482582
chr7:117614687:A>C,0.0
chr7:117614687:A>T,0.0
chr7:117611746:G>C,0.0
chr7:117611746:G>T,0.0
chr7:117480103:G>C,0.019999999552965164
chr7:117509110:T>G,0.009999999776482582
chr7:117603712:A>T,0.0
chr7:117594937:T>C,0.009999999776482582
chr7:117603712:A>C,0.0
chr7:117664713:A>C,0.0
chr7:117534279:T>G,0.0
chr7:117652843:A>C,0.07000000029802322
chr7:117603611:T>C,0.0
chr7:117603618:T>G,0.019999999552965164
chr7:117603611:T>A,0.0
chr7:117531041:A>C,0.05999999865889549
chr7:117592468:G>C,0.0
chr7:117592468:G>T,0.0
chr7:117603591:T>C,0.009999999776482582
chr7:117534279:T>A,0.009999999776482582
chr7:117603611:T>G,0.0
chr7:117531041:A>T,0.019999999552965164
chr7:117603591:T>A,0.009999999776482582
chr7:117603591:T>G,0.75
chr7:117610567:C>A,0.009999999776482582
chr7:117614699:G>A,0.019999999552965164
chr7:117610656:A>C,0.009999999776482582
chr7:117610656:A>T,0.009999999776482582
chr7:117542088:G>C,0.0
chr7:117664757:G>C,0.0
chr7:117665467:A>C,0.0
chr7:117542088:G>T,0.0
chr7:117534346:A>C,0.019999999552965164
chr7:117610636:A>G,0.0
chr7:117627567:G>C,0.009999999776482582
chr7:117610530:T>G,0.0
chr7:117664805:C>T,0.0
chr7:117627567:G>A,0.009999999776482582
chr7:117587751:T>G,0.009999999776482582
chr7:117480111:T>C,0.009999999776482582
chr7:117535400:G>T,0.12999999523162842
chr7:117535400:G>C,0.0
chr7:117535408:A>C,0.019999999552965164
chr7:117535400:G>A,0.15000000596046448
chr7:117610636:A>T,0.0
chr7:117610594:G>C,0.0
chr7:117610594:G>T,0.0
chr7:117611587:G>A,0.029999999329447746
chr7:117611587:G>T,0.05999999865889549
chr7:117610594:G>A,0.0
chr7:117531089:C>G,0.8500000238418579
chr7:117664823:T>A,0.009999999776482582
chr7:117592369:A>C,0.0
chr7:117627742:T>C,0.0
chr7:117611619:A>G,0.019999999552965164
chr7:117592369:A>T,0.0
chr7:117627742:T>G,0.009999999776482582
chr7:117548749:G>T,0.09000000357627869
chr7:117548749:G>C,0.05000000074505806
chr7:117603641:G>A,0.0
chr7:117603691:T>G,0.0
chr7:117603691:T>A,0.0
chr7:117591973:G>C,0.0
chr7:117540187:T>G,0.03999999910593033
chr7:117540187:T>A,0.009999999776482582
chr7:117591973:G>T,0.029999999329447746
chr7:117540203:T>G,0.07000000029802322
chr7:117664829:C>A,0.0
chr7:117627549:T>A,0.0
chr7:117592086:T>A,0.0
chr7:117627549:T>G,0.009999999776482582
chr7:117664763:A>G,0.019999999552965164
chr7:117592086:T>G,0.009999999776482582
chr7:117664763:A>T,0.0
chr7:117530914:G>C,0.0
chr7:117667062:C>A,0.019999999552965164
chr7:117592585:T>A,0.0
chr7:117592585:T>G,0.0
chr7:117536606:A>T,0.0
chr7:117536606:A>C,0.0
chr7:117530914:G>T,0.009999999776482582
chr7:117535338:T>A,0.0
chr7:117540258:G>T,0.0
chr7:117664838:C>G,0.0
chr7:117611611:C>A,0.09000000357627869
chr7:117611611:C>G,0.03999999910593033
chr7:117603669:T>A,0.0
chr7:117664809:G>T,0.0
chr7:117610630:C>G,0.0
chr7:117642582:G>A,0.0
chr7:117592488:C>A,0.0
chr7:117611613:A>T,0.0
chr7:117611613:A>G,0.0
chr7:117664803:T>G,0.0
chr7:117534324:C>T,0.0
chr7:117664803:T>C,0.0
chr7:117531038:T>A,0.0
chr7:117480102:G>T,0.0
chr7:117627548:G>C,0.0
chr7:117627548:G>T,0.0
chr7:117614669:A>T,0.0
chr7:117614669:A>G,0.0
chr7:117664751:G>A,0.0
chr7:117592155:C>T,0.0
chr7:117534327:G>T,0.0
chr7:117548807:C>A,0.0
chr7:117530987:T>G,0.0
chr7:117530987:T>A,0.0
chr7:117534336:C>G,0.0
chr7:117534336:C>T,0.0
chr7:117611806:C>A,0.0
chr7:117611806:C>T,0.0
chr7:117540186:T>A,0.0
chr7:117540186:T>C,0.0
chr7:117534277:C>A,0.0
chr7:117592486:G>A,0.0
chr7:117592055:T>G,0.0
chr7:117610617:G>T,0.0
chr7:117610617:G>C,0.0
chr7:117592055:T>A,0.0
chr7:117534277:C>G,0.0
chr7:117592486:G>C,0.0
chr7:117611589:C>A,0.0
chr7:117611589:C>G,0.0
chr7:117610553:T>C,0.0
chr7:117592486:G>T,0.0
chr7:117540210:T>G,0.0
chr7:117540210:T>A,0.0
chr7:117627669:T>C,0.0
chr7:117592589:T>A,0.0
chr7:117592589:T>C,0.0
chr7:117652903:A>G,0.0
chr7:117652903:A>C,0.0
chr7:117535306:G>T,0.0
chr7:117652903:A>T,0.0
chr7:117531044:C>A,0.0
chr7:117531044:C>T,0.0
chr7:117531044:C>G,0.0
chr7:117559520:G>T,0.0
chr7:117548728:T>C,0.0
chr7:117610566:A>C,0.0
chr7:117540235:A>T,0.0
chr7:117540235:A>C,0.0
chr7:117642491:T>G,0.0
chr7:117610566:A>T,0.0
chr7:117614702:G>C,0.0
chr7:117614702:G>T,0.0
chr7:117667065:T>C,0.0
chr7:117610570:T>C,0.0
chr7:117610664:C>A,0.0
chr7:117590366:G>A,0.0
chr7:117610570:T>G,0.0
chr7:117642489:T>C,0.0
chr7:117534298:T>C,0.0
chr7:117534298:T>G,0.0
chr7:117611599:C>T,0.0
chr7:117594982:C>T,0.0
chr7:117559565:G>T,0.0
chr7:117642502:T>G,0.0
chr7:117559565:G>C,0.0
chr7:117559565:G>A,0.0
chr7:117627529:C>G,0.0
chr7:117664810:T>A,0.0
chr7:117664822:C>G,0.0
chr7:117559646:A>T,0.0
chr7:117559646:A>C,0.0
chr7:117664730:G>C,0.0
chr7:117540260:A>T,0.0
chr7:117530943:A>G,0.0
chr7:117664810:T>G,0.0
chr7:117592583:G>T,0.0
chr7:117592583:G>C,0.0
chr7:117667103:C>T,0.0
chr7:117531029:C>T,0.0
chr7:117536586:T>A,0.0
chr7:117534365:A>T,0.0
chr7:117627708:T>C,0.0
chr7:117664703:G>T,0.0
chr7:117627708:T>A,0.0
chr7:117534365:A>C,0.0
chr7:117531095:T>A,0.0
chr7:117664703:G>C,0.0
chr7:117480101:A>T,0.0
chr7:117536586:T>G,0.0
chr7:117611581:G>T,0.0
chr7:117614709:G>A,0.0
chr7:117592475:C>A,0.0
chr7:117542036:A>C,0.0
chr7:117542036:A>T,0.0
chr7:117642571:A>T,0.0
chr7:117592475:C>G,0.0
chr7:117548766:T>A,0.0
chr7:117509111:T>A,0.0
chr7:117548766:T>G,0.0
chr7:117614648:T>G,0.0
chr7:117592383:T>A,0.0
chr7:117614648:T>A,0.0
chr7:117530938:A>C,0.0
chr7:117667080:A>T,0.0
chr7:117664749:G>T,0.0
chr7:117606746:T>C,0.0
chr7:117652902:G>T,0.0
chr7:117664849:T>G,0.0
chr7:117665470:T>A,0.0
chr7:117664849:T>A,0.0
chr7:117610658:T>A,0.0
chr7:117540339:A>C,0.0
chr7:117610658:T>G,0.0
chr7:117531093:G>A,0.0
chr7:117531093:G>T,0.0
chr7:117531093:G>C,0.0
chr7:117542050:A>T,0.0
chr7:117535343:T>G,0.0
chr7:117666987:T>C,0.0
chr7:117614713:G>T,0.0
chr7:117666987:T>G,0.0
chr7:117606724:C>G,0.0
chr7:117606724:C>A,0.0
chr7:117614713:G>C,0.0
chr7:117614658:A>G,0.0
chr7:117666987:T>A,0.0
chr7:117606730:C>T,0.0
chr7:117610668:A>T,0.0
chr7:117610668:A>C,0.0
chr7:117509044:A>G,0.0
chr7:117534307:A>T,0.0
chr7:117535355:C>A,0.0
chr7:117535355:C>G,0.0
chr7:117614618:G>C,0.0
chr7:117509074:C>T,0.0
chr7:117614618:G>A,0.0
chr7:117592137:G>T,0.0
chr7:117610669:G>T,0.0
chr7:117606745:T>C,0.0
chr7:117530989:T>C,0.0
chr7:117592472:G>T,0.0
chr7:117592472:G>C,0.0
chr7:117542053:A>T,0.0
chr7:117531086:T>C,0.0
chr7:117610586:C>T,0.0
chr7:117587782:A>T,0.0
chr7:117611659:A>G,0.0
chr7:117592137:G>C,0.0
chr7:117536571:G>T,0.0
chr7:117592024:G>T,0.0
chr7:117535375:T>A,0.0
chr7:117667100:A>G,0.0
chr7:117591962:A>G,0.0
chr7:117627687:G>T,0.0
chr7:117592024:G>C,0.0
chr7:117614639:A>T,0.0
chr7:117627687:G>C,0.0
chr7:117536607:A>G,0.0
chr7:117591962:A>T,0.0
chr7:117603701:A>C,0.0
chr7:117540194:G>A,0.0
chr7:117592041:A>C,0.0
chr7:117610645:C>A,0.0
chr7:117540165:T>A,0.0
chr7:117540194:G>C,0.0
chr7:117595010:G>T,0.0
chr7:117540194:G>T,0.0
chr7:117540131:T>G,0.0
chr7:117664758:T>C,0.0
chr7:117664758:T>G,0.0
chr7:117540287:C>G,0.0
chr7:117610540:G>A,0.0
chr7:117540177:T>G,0.0
chr7:117534303:G>A,0.0
chr7:117590355:C>G,0.0
chr7:117592598:A>G,0.0
chr7:117559522:A>T,0.0
chr7:117592004:G>A,0.0
chr7:117530936:G>A,0.0
chr7:117531064:C>G,0.0
chr7:117535270:T>C,0.0
chr7:117535258:T>C,0.0
chr7:117592488:C>T,0.0
chr7:117536631:G>T,0.0
chr7:117536631:G>A,0.0
chr7:117559477:T>G,0.0
chr7:117594973:C>T,0.0
chr7:117535312:T>C,0.0
chr7:117559467:T>G,0.0
chr7:117480107:C>G,0.0
chr7:117603647:A>G,0.0
chr7:117542049:G>A,0.0
chr7:117509131:T>G,0.0
chr7:117534294:C>A,0.0
chr7:117559477:T>A,0.0
chr7:117610541:C>G,0.0
chr7:117548822:A>G,0.0
chr7:117611764:T>G,0.0
chr7:117611764:T>C,0.0
chr7:117627637:A>T,0.0
chr7:117627637:A>C,0.0
chr7:117530929:C>A,0.0
chr7:117627707:A>T,0.0
chr7:117559520:G>C,0.0
chr7:117559531:G>A,0.0
chr7:117504363:G>T,0.0
chr7:117627707:A>C,0.0
chr7:117504363:G>C,0.0
chr7:117535354:T>A,0.0
chr7:117509041:G>A,0.0
chr7:117603612:A>G,0.0
chr7:117592062:A>T,0.0
chr7:117504275:A>G,0.0
chr7:117540291:T>A,0.0
chr7:117603612:A>C,0.0
chr7:117627559:T>G,0.0
chr7:117627559:T>A,0.0
chr7:117627559:T>C,0.0
chr7:117480132:C>G,0.0
chr7:117587830:C>G,0.0
chr7:117610667:A>T,0.0
chr7:117610667:A>G,0.0
chr7:117535354:T>C,0.0
chr7:117610573:A>T,0.0
chr7:117627745:C>T,0.0
chr7:117595015:T>C,0.0
chr7:117627557:C>G,0.0
chr7:117627557:C>A,0.0
chr7:117627568:A>C,0.0
chr7:117627568:A>G,0.0
chr7:117548806:T>C,0.0
chr7:117536643:C>A,0.0
chr7:117587739:G>A,0.0
chr7:117530983:G>A,0.0
chr7:117667033:C>A,0.0
chr7:117664722:G>T,0.0
chr7:117627544:T>A,0.0
chr7:117587811:C>G,0.0
chr7:117667033:C>G,0.0
chr7:117559521:C>A,0.0
chr7:117535255:C>T,0.0
chr7:117611650:G>A,0.0
chr7:117548721:C>A,0.0
chr7:117548721:C>G,0.0
chr7:117592040:T>A,0.0
chr7:117548810:C>A,0.0
chr7:117559618:G>A,0.0
chr7:117610610:T>G,0.0
chr7:117666935:T>A,0.0
chr7:117592031:G>A,0.0
chr7:117592064:C>T,0.0
chr7:117535353:T>C,0.0
chr7:117642444:C>T,0.0
chr7:117530981:T>G,0.0
chr7:117611767:T>A,0.0
chr7:117530981:T>A,0.0
chr7:117642588:C>T,0.0
chr7:117627636:A>C,0.0
chr7:117627636:A>T,0.0
chr7:117559582:A>C,0.0
chr7:117627683:G>T,0.0
chr7:117627683:G>C,0.0
chr7:117664748:G>T,0.0
chr7:117627683:G>A,0.0
chr7:117642588:C>G,0.0
chr7:117559582:A>G,0.0
chr7:117642588:C>A,0.0
chr7:117667102:G>T,0.0
chr7:117509035:G>C,0.0
chr7:117592463:A>T,0.0
chr7:117504356:T>G,0.0
chr7:117504356:T>A,0.0
chr7:117540317:G>A,0.0
chr7:117642499:T>A,0.0
chr7:117587829:G>T,0.0
chr7:117509054:C>A,0.0
chr7:117667102:G>C,0.0
chr7:117642490:T>A,0.0
chr7:117531077:A>T,0.0
chr7:117595036:G>C,0.0
chr7:117531068:T>A,0.0
chr7:117540306:A>T,0.0
chr7:117540306:A>G,0.0
chr7:117595036:G>T,0.0
chr7:117535336:C>T,0.0
chr7:117540177:T>C,0.0
chr7:117559605:T>G,0.0
chr7:117592298:T>C,0.0
chr7:117590400:G>T,0.0
chr7:117664745:G>C,0.0
chr7:117667013:T>C,0.0
chr7:117509061:G>C,0.0
chr7:117611796:A>T,0.0
chr7:117509061:G>T,0.0
chr7:117540312:G>T,0.0
chr7:117540312:G>C,0.0
chr7:117548752:C>G,0.0
chr7:117603674:G>A,0.0
chr7:117548752:C>A,0.0
chr7:117611740:A>T,0.0
chr7:117595045:T>G,0.0
chr7:117534282:A>C,0.0
chr7:117595045:T>C,0.0
chr7:117531080:T>C,0.0
chr7:117594976:G>C,0.0
chr7:117534331:G>A,0.0
chr7:117535342:G>A,0.0
chr7:117591939:T>C,0.0
chr7:117666968:A>C,0.0
chr7:117594976:G>T,0.0
chr7:117627532:T>C,0.0
chr7:117666936:A>C,0.0
chr7:117592230:A>T,0.0
chr7:117614640:T>G,0.0
chr7:117611805:A>C,0.0
chr7:117614640:T>C,0.0
chr7:117664721:G>T,0.0
chr7:117592584:A>C,0.0
chr7:117535261:C>G,0.0
chr7:117667097:A>C,0.0
chr7:117606710:T>A,0.0
chr7:117606710:T>G,0.0
chr7:117592584:A>T,0.0
chr7:117592584:A>G,0.0
chr7:117627556:A>C,0.0
chr7:117509138:T>C,0.0
chr7:117509135:A>C,0.0
chr7:117627750:T>C,0.0
chr7:117667031:A>C,0.0
chr7:117627569:A>C,0.0
chr7:117627569:A>T,0.0
chr7:117536566:G>C,0.0
chr7:117627730:T>C,0.0
chr7:117536566:G>T,0.0
chr7:117592136:A>G,0.0
chr7:117664848:A>G,0.0
chr7:117603680:C>T,0.0
chr7:117603680:C>A,0.0
chr7:117603642:C>G,0.0
chr7:117535403:G>C,0.0
chr7:117610628:T>A,0.0
chr7:117627709:A>G,0.0
chr7:117652854:T>A,0.0
chr7:117535403:G>T,0.0
chr7:117652896:T>G,0.0
chr7:117536588:A>T,0.0
chr7:117559536:T>A,0.0
chr7:117548795:C>G,0.0
chr7:117535403:G>A,0.0
chr7:117652854:T>G,0.0
chr7:117480124:C>A,0.0
chr7:117480124:C>G,0.0
chr7:117542081:G>T,0.0
chr7:117611584:G>A,0.0
chr7:117542030:G>C,0.0
chr7:117559608:G>A,0.0
chr7:117542030:G>T,0.0
chr7:117559638:G>A,0.0
chr7:117606714:G>C,0.0
chr7:117666989:A>C,0.0
chr7:117587763:G>A,0.0
chr7:117642572:A>C,0.0
chr7:117642572:A>T,0.0
chr7:117606714:G>T,0.0
chr7:117664752:G>C,0.0
chr7:117540290:T>G,0.0
chr7:117530941:A>G,0.0
chr7:117548644:T>C,0.0
chr7:117592103:G>A,0.0
chr7:117592103:G>C,0.0
chr7:117592088:A>C,0.0
chr7:117592068:A>C,0.0
chr7:117535356:C>A,0.0
chr7:117540290:T>A,0.0
chr7:117592638:T>G,0.0
chr7:117540174:T>A,0.0
chr7:117535356:C>G,0.0
chr7:117602850:T>C,0.0
chr7:117602850:T>A,0.0
chr7:117536603:G>A,0.0
chr7:117530941:A>T,0.0
chr7:117540174:T>G,0.0
chr7:117530941:A>C,0.0
chr7:117611652:C>A,0.0
chr7:117611683:C>G,0.0
chr7:117652855:T>A,0.0
chr7:117480100:G>T,0.0
chr7:117548656:T>C,0.0
chr7:117480100:G>C,0.0
chr7:117540257:T>G,0.0
chr7:117480136:A>C,0.0
chr7:117480136:A>T,0.0
chr7:117531103:A>T,0.0
chr7:117509086:C>T,0.0
chr7:117548716:T>C,0.0
chr7:117627679:A>C,0.0
chr7:117504286:A>T,0.0
chr7:117540344:C>A,0.0
chr7:117592257:G>C,0.0
chr7:117592257:G>T,0.0
chr7:117540159:T>A,0.0
chr7:117606674:G>T,0.0
chr7:117664704:T>C,0.0
chr7:117504286:A>C,0.0
chr7:117548793:G>C,0.0
chr7:117536553:A>C,0.0
chr7:117603628:T>G,0.0
chr7:117534339:T>A,0.0
chr7:117542064:A>C,0.0
chr7:117664710:A>T,0.0
chr7:117548793:G>T,0.0
chr7:117592638:T>C,0.0
chr7:117535264:A>C,0.0
chr7:117592102:G>T,0.0
chr7:117540185:T>C,0.0
chr7:117595023:G>C,0.0
chr7:117652874:A>C,0.0
chr7:117610535:T>A,0.0
chr7:117595023:G>A,0.0
chr7:117592269:T>C,0.0
chr7:117595023:G>T,0.0
chr7:117592102:G>C,0.0
chr7:117652874:A>T,0.0
chr7:117592470:C>G,0.0
chr7:117642541:G>T,0.0
chr7:117592116:T>C,0.0
chr7:117592372:G>C,0.0
chr7:117592372:G>T,0.0
chr7:117559645:A>T,0.0
chr7:117559647:C>A,0.0
chr7:117536561:G>T,0.0
chr7:117559647:C>G,0.0
chr7:117592116:T>G,0.0
chr7:117548768:T>A,0.0
chr7:117611787:T>G,0.0
chr7:117559476:A>G,0.0
chr7:117642532:G>T,0.0
chr7:117611697:A>G,0.0
chr7:117534323:A>T,0.0
chr7:117530962:A>G,0.0
chr7:117611787:T>A,0.0
chr7:117548719:T>C,0.0
chr7:117534323:A>C,0.0
chr7:117642491:T>A,0.0
chr7:117548768:T>G,0.0
chr7:117652921:T>G,0.0
chr7:117530912:C>G,0.0
chr7:117530912:C>T,0.0
chr7:117664787:T>G,0.0
chr7:117587784:G>C,0.0
chr7:117587784:G>T,0.0
chr7:117610637:C>G,0.0
chr7:117592296:A>T,0.0
chr7:117592244:T>C,0.0
chr7:117536589:C>G,0.0
chr7:117611653:A>T,0.0
chr7:117611745:A>G,0.0
chr7:117536589:C>T,0.0
chr7:117536568:T>A,0.0
chr7:117531004:T>A,0.0
chr7:117535269:G>A,0.0
chr7:117592380:T>C,0.0
chr7:117592231:A>T,0.0
chr7:117592231:A>C,0.0
chr7:117536568:T>G,0.0
chr7:117530906:C>G,0.0
chr7:117531004:T>G,0.0
chr7:117534322:A>T,0.0
chr7:117559579:A>C,0.0
chr7:117652864:C>G,0.0
chr7:117642438:G>C,0.0
chr7:117480141:T>C,0.0
chr7:117594981:A>T,0.0
chr7:117642438:G>T,0.0
chr7:117652864:C>A,0.0
chr7:117535399:T>C,0.0
chr7:117592005:C>T,0.0
chr7:117592005:C>G,0.0
chr7:117587778:G>A,0.0
chr7:117559591:T>G,0.0
chr7:117592098:T>G,0.0
chr7:117587778:G>C,0.0
chr7:117611608:T>G,0.0
chr7:117627534:A>C,0.0
chr7:117540227:C>T,0.0
chr7:117559591:T>A,0.0
chr7:117548646:T>A,0.0
chr7:117548646:T>G,0.0
chr7:117627553:T>G,0.0
chr7:117611640:G>A,0.0
chr7:117627768:A>G,0.0
chr7:117540162:T>A,0.0
chr7:117652851:A>T,0.0
chr7:117614625:G>T,0.0
chr7:117534333:C>T,0.0
chr7:117531001:G>A,0.0
chr7:117540311:T>G,0.0
chr7:117548756:A>T,0.0
chr7:117592018:A>C,0.0
chr7:117592018:A>T,0.0
chr7:117614625:G>A,0.0
chr7:117610640:C>T,0.0
chr7:117540153:C>T,0.0
chr7:117614654:A>G,0.0
chr7:117614654:A>T,0.0
chr7:117614654:A>C,0.0
chr7:117606733:A>C,0.0
chr7:117548718:C>A,0.0
chr7:117548718:C>G,0.0
chr7:117667071:A>T,0.0
chr7:117592152:T>A,0.0
chr7:117592152:T>G,0.0
chr7:117667071:A>C,0.0
chr7:117592118:G>T,0.0
chr7:117592118:G>C,0.0
chr7:117592003:A>T,0.0
chr7:117542060:A>C,0.0
chr7:117592053:C>T,0.0
chr7:117642442:G>C,0.0
chr7:117509083:G>A,0.0
chr7:117542060:A>T,0.0
chr7:117540288:A>T,0.0
chr7:117592261:G>C,0.0
chr7:117627769:G>T,0.0
chr7:117664814:G>A,0.0
chr7:117592046:T>A,0.0
chr7:117611788:T>A,0.0
chr7:117592246:T>G,0.0
chr7:117548722:A>C,0.0
chr7:117592261:G>T,0.0
chr7:117592246:T>A,0.0
chr7:117602848:T>A,0.0
chr7:117611679:A>G,0.0
chr7:117591978:C>G,0.0
chr7:117602848:T>G,0.0
chr7:117614651:G>A,0.0
chr7:117535315:G>C,0.0
chr7:117592119:A>T,0.0
chr7:117592119:A>C,0.0
chr7:117652924:C>G,0.0
chr7:117559542:T>G,0.0
chr7:117611598:A>C,0.0
chr7:117548658:T>A,0.0
chr7:117548658:T>G,0.0
chr7:117590431:A>G,0.0
chr7:117603621:T>G,0.0
chr7:117611755:T>C,0.0
chr7:117603621:T>A,0.0
chr7:117610519:T>A,0.0
chr7:117610519:T>G,0.0
chr7:117614642:C>A,0.0
chr7:117610595:T>C,0.0
chr7:117610595:T>G,0.0
chr7:117611793:T>A,0.0
chr7:117504271:G>T,0.0
chr7:117504271:G>C,0.0
chr7:117667015:T>A,0.0
chr7:117667094:G>C,0.0
chr7:117667015:T>G,0.0
chr7:117509123:G>C,0.0
chr7:117603726:A>T,0.0
chr7:117530905:A>G,0.0
chr7:117530905:A>T,0.0
chr7:117591990:A>T,0.0
chr7:117664779:A>T,0.0
chr7:117480122:A>C,0.0
chr7:117592011:A>T,0.0
chr7:117611677:A>T,0.0
chr7:117504330:A>C,0.0
chr7:117536650:A>T,0.0
chr7:117504362:A>G,0.0
chr7:117642546:T>C,0.0
chr7:117504330:A>G,0.0
chr7:117536650:A>C,0.0
chr7:117504330:A>T,0.0
chr7:117509101:T>C,0.0
chr7:117595048:T>A,0.0
chr7:117667070:G>A,0.0
chr7:117652858:C>T,0.0
chr7:117664778:C>G,0.0
chr7:117667070:G>C,0.0
chr7:117534319:G>T,0.0
chr7:117559632:A>T,0.0
chr7:117591997:A>T,0.0
chr7:117591997:A>C,0.0
chr7:117504309:T>C,0.0
chr7:117606686:A>C,0.0
chr7:117591999:A>C,0.0
chr7:117592649:G>C,0.0
chr7:117592090:C>A,0.0
chr7:117594933:T>C,0.0
chr7:117592090:C>G,0.0
chr7:117530924:T>G,0.0
chr7:117603639:T>C,0.0
chr7:117534342:A>G,0.0
chr7:117627522:A>C,0.0
chr7:117627522:A>T,0.0
chr7:117587814:G>A,0.0
chr7:117666978:G>C,0.0
chr7:117536604:A>C,0.0
chr7:117540303:T>C,0.0
chr7:117534342:A>T,0.0
chr7:117509133:A>C,0.0
chr7:117509133:A>T,0.0
chr7:117614703:T>G,0.0
chr7:117614663:A>C,0.0
chr7:117614663:A>T,0.0
chr7:117614663:A>G,0.0
chr7:117536610:T>C,0.0
chr7:117480114:A>C,0.0
chr7:117480114:A>T,0.0
chr7:117534351:A>T,0.0
chr7:117664774:C>A,0.0
chr7:117592460:A>G,0.0
chr7:117614670:C>T,0.0
chr7:117664774:C>G,0.0
chr7:117540326:G>A,0.0
chr7:117540326:G>C,0.0
chr7:117540246:C>G,0.0
chr7:117592368:G>T,0.0
chr7:117559566:C>T,0.0
chr7:117559566:C>A,0.0
chr7:117614708:A>T,0.0
chr7:117534340:C>G,0.0
chr7:117504329:G>C,0.0
chr7:117642463:C>T,0.0
chr7:117504329:G>T,0.0
chr7:117504350:G>C,0.0
chr7:117504350:G>A,0.0
chr7:117594975:T>G,0.0
chr7:117587761:A>T,0.0
chr7:117610571:A>G,0.0
chr7:117587808:C>G,0.0
chr7:117606722:T>A,0.0
chr7:117606722:T>G,0.0
chr7:117509103:C>G,0.0
chr7:117603596:A>C,0.0
chr7:117559636:A>T,0.0
chr7:117509063:A>T,0.0
chr7:117542092:C>T,0.0
chr7:117509103:C>A,0.0
chr7:117595009:A>T,0.0
chr7:117559578:A>G,0.0
chr7:117590402:T>G,0.0
chr7:117536583:T>A,0.0
chr7:117559600:T>C,0.0
chr7:117559600:T>G,0.0
chr7:117509119:T>G,0.0
chr7:117627528:T>A,0.0
chr7:117611676:C>T,0.0
chr7:117595010:G>C,0.0
chr7:117595024:T>G,0.0
chr7:117627734:A>T,0.0
chr7:117530926:T>G,0.0
chr7:117667098:C>A,0.0
chr7:117667098:C>G,0.0
chr7:117595024:T>C,0.0
chr7:117530915:T>C,0.0
chr7:117627734:A>C,0.0
chr7:117534343:A>T,0.0
chr7:117602852:G>T,0.0
chr7:117602852:G>C,0.0
chr7:117591983:A>C,0.0
chr7:117530953:G>A,0.0
chr7:117665488:A>C,0.0
chr7:117591935:T>G,0.0
chr7:117606747:C>A,0.0
chr7:117606747:C>G,0.0
chr7:117664781:T>G,0.0
chr7:117559546:C>A,0.0
chr7:117559587:A>C,0.0
chr7:117536646:T>C,0.0
chr7:117540176:T>A,0.0
chr7:117666963:A>T,0.0
chr7:117540219:G>C,0.0
chr7:117540219:G>T,0.0
chr7:117627675:G>A,0.0
chr7:117542081:G>A,0.0
chr7:117542081:G>C,0.0
chr7:117642494:G>C,0.0
chr7:117540189:T>C,0.0
chr7:117606751:C>G,0.0
chr7:117534301:T>A,0.0
chr7:117540272:A>T,0.0
chr7:117540129:C>T,0.0
chr7:117642494:G>T,0.0
chr7:117530947:T>A,0.0
chr7:117534301:T>G,0.0
chr7:117540272:A>G,0.0
chr7:117540272:A>C,0.0
chr7:117542056:A>T,0.0
chr7:117627536:C>G,0.0
chr7:117627747:T>A,0.0
chr7:117627536:C>A,0.0
chr7:117642449:G>C,0.0
chr7:117627747:T>G,0.0
chr7:117642449:G>T,0.0
chr7:117559633:T>C,0.0
chr7:117536642:G>C,0.0
chr7:117610567:C>G,0.0
chr7:117591948:T>G,0.0
chr7:117594969:A>T,0.0
chr7:117591948:T>A,0.0
chr7:117594969:A>C,0.0
chr7:117592595:A>G,0.0
chr7:117666970:C>A,0.0
chr7:117666970:C>G,0.0
chr7:117652846:T>C,0.0
chr7:117664813:G>C,0.0
chr7:117509106:G>C,0.0
chr7:117540117:C>G,0.0
chr7:117542074:T>C,0.0
chr7:117627763:G>A,0.0
chr7:117592120:C>A,0.0
chr7:117559614:T>G,0.0
chr7:117509095:T>A,0.0
chr7:117592120:C>G,0.0
chr7:117559482:A>T,0.0
chr7:117664813:G>T,0.0
chr7:117509095:T>G,0.0
chr7:117592025:C>G,0.0
chr7:117509106:G>T,0.0
chr7:117652846:T>G,0.0
chr7:117614701:T>G,0.0
chr7:117614701:T>A,0.0
chr7:117627699:A>C,0.0
chr7:117535377:C>G,0.0
chr7:117509114:T>A,0.0
chr7:117540167:T>A,0.0
chr7:117509114:T>G,0.0
chr7:117606749:T>A,0.0
chr7:117614664:T>C,0.0
chr7:117606749:T>G,0.0
chr7:117591954:C>A,0.0
chr7:117590391:C>A,0.0
chr7:117587788:G>C,0.0
chr7:117610648:C>G,0.0
chr7:117559606:A>C,0.0
chr7:117627748:T>A,0.0
chr7:117509084:C>G,0.0
chr7:117509092:C>G,0.0
chr7:117534288:T>G,0.0
chr7:117504266:A>T,0.0
chr7:117536622:A>G,0.0
chr7:117610624:T>C,0.0
chr7:117590436:A>T,0.0
chr7:117614696:A>C,0.0
chr7:117542086:A>T,0.0
chr7:117614696:A>T,0.0
chr7:117559572:A>C,0.0
chr7:117627739:A>T,0.0
chr7:117611602:A>T,0.0
chr7:117536628:A>G,0.0
chr7:117627555:G>T,0.0
chr7:117627684:A>C,0.0
chr7:117610643:A>T,0.0
chr7:117664764:G>C,0.0
chr7:117540266:C>G,0.0
chr7:117540266:C>A,0.0
chr7:117592008:A>G,0.0
chr7:117627696:C>T,0.0
chr7:117592003:A>C,0.0
chr7:117542104:A>T,0.0
chr7:117667101:G>C,0.0
chr7:117530978:C>G,0.0
chr7:117627540:G>C,0.0
chr7:117667101:G>T,0.0
chr7:117542042:G>C,0.0
chr7:117614652:C>G,0.0
chr7:117542042:G>T,0.0
chr7:117642589:C>T,0.0
chr7:117534276:A>T,0.0
chr7:117610592:C>T,0.0
chr7:117606685:A>C,0.0
chr7:117530989:T>A,0.0
chr7:117559549:A>C,0.0
chr7:117530940:C>G,0.0
chr7:117534352:A>T,0.0
chr7:117592027:T>G,0.0
chr7:117592027:T>A,0.0
chr7:117590363:A>C,0.0
chr7:117559501:C>A,0.0
chr7:117536649:A>T,0.0
chr7:117627531:G>A,0.0
chr7:117592169:C>A,0.0
chr7:117611794:C>G,0.0
chr7:117587812:G>T,0.0
chr7:117534295:G>T,0.0
chr7:117559501:C>G,0.0
chr7:117614693:A>G,0.0
chr7:117559486:T>C,0.0
chr7:117534304:A>G,0.0
chr7:117592074:T>C,0.0
chr7:117509068:C>A,0.0
chr7:117504347:T>A,0.0
chr7:117591941:T>C,0.0
chr7:117540171:G>C,0.0
chr7:117591941:T>A,0.0
chr7:117592628:A>C,0.0
chr7:117542055:A>T,0.0
chr7:117548730:C>A,0.0
chr7:117542095:C>T,0.0
chr7:117542095:C>G,0.0
chr7:117548730:C>G,0.0
chr7:117642439:T>G,0.0
chr7:117666984:C>A,0.0
chr7:117652844:A>T,0.0
chr7:117614619:G>T,0.0
chr7:117642528:G>A,0.0
chr7:117652894:A>C,0.0
chr7:117592479:A>T,0.0
chr7:117614688:A>T,0.0
chr7:117664734:T>A,0.0
chr7:117664815:C>G,0.0
chr7:117509060:A>T,0.0
chr7:117548750:T>C,0.0
chr7:117480120:C>G,0.0
chr7:117548813:G>C,0.0
chr7:117590370:C>G,0.0
chr7:117603698:A>T,0.0
chr7:117614712:T>C,0.0
chr7:117559567:C>G,0.0
chr7:117548724:T>A,0.0
chr7:117530903:T>G,0.0
chr7:117559567:C>T,0.0
chr7:117559567:C>A,0.0
chr7:117540238:A>G,0.0
chr7:117591963:C>G,0.0
chr7:117595035:T>A,0.0
chr7:117548724:T>G,0.0
chr7:117542037:T>G,0.0
chr7:117665508:A>T,0.0
chr7:117592102:G>A,0.0
chr7:117590405:C>A,0.0
chr7:117548761:A>T,0.0
chr7:117592630:T>G,0.0
chr7:117611803:C>G,0.0
chr7:117592630:T>A,0.0
chr7:117540221:A>T,0.0
chr7:117592260:A>T,0.0
chr7:117592260:A>C,0.0
chr7:117611782:T>C,0.0
chr7:117548797:G>C,0.0
chr7:117531097:A>G,0.0
chr7:117592160:A>C,0.0
chr7:117480144:T>A,0.0
chr7:117611703:A>G,0.0
chr7:117548665:G>C,0.0
chr7:117540231:G>A,0.0
chr7:117587779:G>A,0.0
chr7:117587815:C>G,0.0
chr7:117540200:C>G,0.0
chr7:117540250:C>G,0.0
chr7:117542029:A>C,0.0
chr7:117592300:T>A,0.0
chr7:117627556:A>G,0.0
chr7:117540245:A>T,0.0
chr7:117592300:T>G,0.0
chr7:117540278:G>T,0.0
chr7:117642474:A>G,0.0
chr7:117664746:A>T,0.0
chr7:117614613:G>T,0.0
chr7:117614636:A>C,0.0
chr7:117611647:G>T,0.0
chr7:117504338:G>A,0.0
chr7:117627672:G>T,0.0
chr7:117592602:T>C,0.0
chr7:117504300:T>C,0.0
chr7:117602827:T>G,0.0
chr7:117592587:T>C,0.0
chr7:117509126:T>A,0.0
chr7:117559500:C>T,0.0
chr7:117592587:T>G,0.0
chr7:117542089:T>C,0.0
chr7:117665539:C>T,0.0
chr7:117602826:G>A,0.0
chr7:117535285:T>C,0.0
chr7:117536567:A>T,0.0
chr7:117542022:T>A,0.0
chr7:117534345:A>T,0.0
chr7:117591966:G>A,0.0
chr7:117559533:A>T,0.0
chr7:117590433:T>A,0.0
chr7:117542022:T>G,0.0
chr7:117540108:T>G,0.0
chr7:117540251:T>A,0.0
chr7:117540251:T>G,0.0
chr7:117534345:A>G,0.0
chr7:117540108:T>A,0.0
chr7:117559581:G>C,0.0
chr7:117591942:G>A,0.0
chr7:117542038:A>C,0.0
chr7:117591957:A>T,0.0
chr7:117592293:G>C,0.0
chr7:117591942:G>C,0.0
chr7:117534327:G>C,0.0
chr7:117664692:G>C,0.0
chr7:117592032:G>C,0.0
chr7:117627546:A>G,0.0
chr7:117559639:C>T,0.0
chr7:117559590:A>T,0.0
chr7:117559639:C>G,0.0
chr7:117504258:C>A,0.0
chr7:117540338:A>G,0.0
chr7:117614676:A>T,0.0
chr7:117614630:G>C,0.0
chr7:117652849:T>A,0.0
chr7:117509141:G>T,0.0
chr7:117652861:G>C,0.0
chr7:117534285:C>G,0.0
chr7:117536594:G>C,0.0
chr7:117590393:C>G,0.0
chr7:117627552:A>T,0.0
chr7:117591977:A>T,0.0
chr7:117587745:T>C,0.0
chr7:117592590:A>C,0.0
chr7:117540141:A>G,0.0
chr7:117509045:G>T,0.0
chr7:117509045:G>C,0.0
chr7:117664818:A>C,0.0
chr7:117534354:A>C,0.0
chr7:117530948:C>G,0.0
chr7:117559560:A>T,0.0
chr7:117540116:A>G,0.0
chr7:117540116:A>T,0.0
chr7:117504311:T>C,0.0
chr7:117595030:T>A,0.0
chr7:117587803:G>C,0.0
chr7:117540164:T>A,0.0
chr7:117504351:A>G,0.0
chr7:117614666:A>T,0.0
chr7:117536673:A>C,0.0
chr7:117540164:T>G,0.0
chr7:117592026:A>T,0.0
chr7:117652902:G>C,0.0
chr7:117603687:T>C,0.0
chr7:117591968:A>T,0.0
chr7:117664773:A>T,0.0
chr7:117480131:T>A,0.0
chr7:117530963:A>C,0.0
chr7:117614675:C>G,0.0
chr7:117603656:G>A,0.0
chr7:117536657:A>T,0.0
chr7:117548816:C>G,0.0
chr7:117603657:C>G,0.0
chr7:117509096:G>C,0.0
chr7:117594935:C>G,0.0
chr7:117652884:C>G,0.0
chr7:117592170:G>C,0.0
chr7:117642495:A>G,0.0
chr7:117606737:T>C,0.0
chr7:117594970:C>G,0.0
chr7:117504288:A>C,0.0
chr7:117504336:C>G,0.0
chr7:117559589:C>G,0.0
chr7:117652915:G>T,0.0
chr7:117627526:G>A,0.0
chr7:117559615:A>C,0.0
chr7:117611692:T>C,0.0
chr7:117627736:A>T,0.0
chr7:117590424:A>T,0.0
chr7:117591987:T>C,0.0
chr7:117590412:T>A,0.0
chr7:117652844:A>C,0.0
chr7:117530902:G>C,0.0
chr7:117531002:G>C,0.0
chr7:117592047:A>C,0.0
chr7:117534363:G>C,0.0
chr7:117540149:A>G,0.0
chr7:117627547:A>T,0.0
chr7:117540180:T>C,0.0
chr7:117590417:A>T,0.0
