snp,locus_r1,splice_l2d_raw_r1,splice_l2d_raw_r2,splice_raw_diff,splice_agree,atac_l2d_raw_r1,atac_l2d_raw_r2,atac_raw_diff,atac_agree,gate_note
rs863582,3q29,1.0349896911066024e-05,1.0349896911066024e-05,0.0,True,,,,True,both_nan_agree
rs2641716,3q29,1.0489626220078208e-05,1.0489626220078208e-05,0.0,True,0.1314786374568939,0.1314786374568939,0.0,True,
rs7723049,5p15,0.0005502654239535,0.0005502654239535,0.0,True,0.2715492844581604,0.2715492844581604,0.0,True,
rs12515615,5p15,8.807692211121321e-07,8.807692211121321e-07,0.0,True,0.1201488450169563,0.1201488450169563,0.0,True,
rs9391874,6p21,3.3966516639338806e-06,3.3966516639338806e-06,0.0,True,0.0002434411871945,0.0002434411871945,0.0,True,
rs28789995,6p21,1.0513007509871386e-05,1.0513007509871386e-05,0.0,True,0.0005886771832592,0.0005886771832592,0.0,True,
rs10742326,11p13,3.5639916404761607e-06,3.5639916404761607e-06,0.0,True,0.4565449059009552,0.4565449059009552,0.0,True,
rs11032851,11p13,5.240832251729444e-06,5.240832251729444e-06,0.0,True,0.0080065233632922,0.0080065233632922,0.0,True,
rs12858227,Xq23,1.6958092601271346e-06,1.6958092601271346e-06,0.0,True,0.0682894587516784,0.0682894587516784,0.0,True,
rs5950589,Xq23,3.5390983157412848e-06,3.5390983157412848e-06,0.0,True,0.0107602654024958,0.0107602654024958,0.0,True,
