run_timestamp,locus,snp,chrom,pos_hg38,api_ref,api_alt,orientation_b1,tissue,scorer_splice,scorer_atac,ag_calibration,splice_l2d_raw,splice_l2d_q,atac_l2d_raw,atac_l2d_q,wall_sec,n_tissue_rows
2026-08-03T20:47:07.198862Z,3q29,rs863582,chr3,195751823,G,A,REF_ok,UBERON:0006920,"CenterMaskScorer(SPLICE_SITE_USAGE,width=501,L2_DIFF)","CenterMaskScorer(ATAC,width=501,L2_DIFF)",genomewide_post_2026-06-18,1.0349896911066025e-05,,,,1.18,4
2026-08-03T20:47:08.287399Z,3q29,rs2641716,chr3,195760320,A,G,REF_ok,UBERON:0002048,"CenterMaskScorer(SPLICE_SITE_USAGE,width=501,L2_DIFF)","CenterMaskScorer(ATAC,width=501,L2_DIFF)",genomewide_post_2026-06-18,1.0489626220078208e-05,,0.13147863745689392,,1.08,5
2026-08-03T20:47:09.212276Z,5p15,rs7723049,chr5,524657,A,G,REF_ok,UBERON:0002048,"CenterMaskScorer(SPLICE_SITE_USAGE,width=501,L2_DIFF)","CenterMaskScorer(ATAC,width=501,L2_DIFF)",genomewide_post_2026-06-18,0.0005502654239535332,,0.2715492844581604,,0.92,5
2026-08-03T20:47:10.137917Z,5p15,rs12515615,chr5,520148,G,A,REF_ok,UBERON:0002048,"CenterMaskScorer(SPLICE_SITE_USAGE,width=501,L2_DIFF)","CenterMaskScorer(ATAC,width=501,L2_DIFF)",genomewide_post_2026-06-18,8.807692211121321e-07,,0.12014884501695633,,0.92,5
2026-08-03T20:47:11.068999Z,6p21,rs9391874,chr6,32468903,A,G,REF_ok,CL:0000236,"CenterMaskScorer(SPLICE_SITE_USAGE,width=501,L2_DIFF)","CenterMaskScorer(ATAC,width=501,L2_DIFF)",genomewide_post_2026-06-18,3.3966516639338806e-06,,0.00024344118719454855,,0.92,5
2026-08-03T20:47:11.996387Z,6p21,rs28789995,chr6,32468956,A,C,REF_ok,CL:0000236,"CenterMaskScorer(SPLICE_SITE_USAGE,width=501,L2_DIFF)","CenterMaskScorer(ATAC,width=501,L2_DIFF)",genomewide_post_2026-06-18,1.0513007509871386e-05,,0.0005886771832592785,,0.92,5
2026-08-03T20:47:13.122833Z,11p13,rs10742326,chr11,34788463,G,A,REF_ok,UBERON:0002048,"CenterMaskScorer(SPLICE_SITE_USAGE,width=501,L2_DIFF)","CenterMaskScorer(ATAC,width=501,L2_DIFF)",genomewide_post_2026-06-18,3.5639916404761607e-06,,0.4565449059009552,,1.12,5
2026-08-03T20:47:14.045626Z,11p13,rs11032851,chr11,34764433,C,T,REF_ok,UBERON:0002048,"CenterMaskScorer(SPLICE_SITE_USAGE,width=501,L2_DIFF)","CenterMaskScorer(ATAC,width=501,L2_DIFF)",genomewide_post_2026-06-18,5.240832251729444e-06,,0.008006523363292217,,0.91,5
2026-08-03T20:47:14.941403Z,Xq23,rs12858227,chrX,116195873,C,T,ALT_as_hg38ref,UBERON:0002048,"CenterMaskScorer(SPLICE_SITE_USAGE,width=501,L2_DIFF)","CenterMaskScorer(ATAC,width=501,L2_DIFF)",genomewide_post_2026-06-18,1.6958092601271346e-06,,0.06828945875167847,,0.89,5
2026-08-03T20:47:15.792825Z,Xq23,rs5950589,chrX,116184631,T,C,REF_ok,UBERON:0002048,"CenterMaskScorer(SPLICE_SITE_USAGE,width=501,L2_DIFF)","CenterMaskScorer(ATAC,width=501,L2_DIFF)",genomewide_post_2026-06-18,3.5390983157412848e-06,,0.010760265402495861,,0.84,5
