SNP,locus,pos_hg38,dist_to_nearest_splice,splice_near_transcript,orientation_b1
rs863582,3q29,195751823.0,550,False,REF_ok
rs2688520,3q29,195754869.0,497,True,REF_ok
rs2688525,3q29,195758360.0,764,False,REF_ok
rs3103933,3q29,195758569.0,555,False,REF_ok
rs2641718,3q29,195758861.0,263,True,REF_ok
rs2550272,3q29,195759762.0,501,False,REF_ok
rs2688526,3q29,195759809.0,548,False,REF_ok
rs2550273,3q29,195759834.0,573,False,REF_ok
rs2688527,3q29,195759907.0,646,False,REF_ok
rs2550275,3q29,195759998.0,737,False,REF_ok
rs2641717,3q29,195760246.0,638,False,REF_ok
rs2641716,3q29,195760320.0,564,False,REF_ok
rs2550276,3q29,195760470.0,414,True,REF_ok_palindromic
rs2246771,3q29,195760866.0,18,True,REF_ok
rs2246901,3q29,195762138.0,51,True,REF_ok
rs375006994,3q29,195762660.0,195,True,REF_ok
rs78151003,3q29,195762663.0,192,True,REF_ok_palindromic
rs2550263,3q29,195762798.0,57,True,REF_ok
rs2550262,3q29,195763273.0,160,True,REF_ok
rs2550261,3q29,195763413.0,20,True,REF_ok
rs842220,3q29,195764552.0,388,True,REF_ok
rs844518,3q29,195765946.0,497,True,REF_ok
rs13081573,3q29,195767944.0,1078,False,REF_ok
rs2688482,3q29,195802247.0,69,True,REF_ok
rs6870149,5p15,403462.0,269,True,REF_ok
rs55929184,5p15,405461.0,915,False,REF_ok
rs11738623,5p15,407652.0,3106,False,REF_ok
rs11742006,5p15,408414.0,3868,False,REF_ok
rs72711361,5p15,408662.0,4116,False,REF_ok
rs11745246,5p15,410828.0,2516,False,REF_ok
rs17562461,5p15,411246.0,2098,False,REF_ok
rs11744936,5p15,411997.0,1347,False,REF_ok
rs11746862,5p15,413986.0,553,False,REF_ok
rs72711364,5p15,415208.0,1775,False,REF_ok
rs56279338,5p15,416003.0,2570,False,REF_ok
rs6555242,5p15,416431.0,2272,False,REF_ok
rs72711365,5p15,416557.0,2146,False,REF_ok
rs72711367,5p15,418379.0,324,True,REF_ok
rs57433159,5p15,418610.0,93,True,REF_ok
rs68005421,5p15,418698.0,5,True,REF_ok_palindromic
rs72711368,5p15,418724.0,21,True,REF_ok
rs111713756,5p15,419203.0,94,True,REF_ok
rs112126699,5p15,419347.0,238,True,REF_ok_palindromic
rs72711369,5p15,420402.0,518,False,REF_ok
rs72711370,5p15,420942.0,22,True,REF_ok
rs11741946,5p15,421288.0,52,True,REF_ok
rs11741954,5p15,421340.0,0,True,REF_ok
rs72717425,5p15,438694.0,387,True,REF_ok
rs77101200,5p15,442944.0,214,True,REF_ok
rs72717432,5p15,444695.0,231,True,REF_ok
rs11745923,5p15,475293.0,4,True,REF_ok
rs2230437,5p15,476238.0,6,True,REF_ok
rs112653808,5p15,500743.0,8672,False,REF_ok
rs115158356,5p15,502853.0,10782,False,REF_ok
rs72702732,5p15,503254.0,11183,False,REF_ok
rs148871522,5p15,507192.0,15121,False,REF_ok
rs143518032,5p15,507207.0,15136,False,REF_ok
rs55773830,5p15,510378.0,13731,False,REF_ok
rs60425043,5p15,515349.0,8760,False,REF_ok
rs56302516,5p15,518319.0,5790,False,REF_ok
rs12515615,5p15,520148.0,3961,False,REF_ok
rs7723049,5p15,524657.0,48,True,REF_ok
rs6880820,5p15,528494.0,1046,False,REF_ok
rs772658,5p15,529067.0,1619,False,REF_ok_palindromic
rs141481796,5p15,532507.0,3333,False,REF_ok
rs56230617,5p15,535547.0,293,True,REF_ok
rs56377487,5p15,536799.0,917,False,REF_ok
rs371129372,5p15,537016.0,1134,False,REF_ok
rs56108664,5p15,537775.0,1893,False,REF_ok
rs72704785,5p15,540344.0,4462,False,REF_ok
rs9800013,5p15,541908.0,6026,False,REF_ok
rs72704791,5p15,547781.0,11899,False,REF_ok
rs61384641,5p15,548115.0,12233,False,REF_ok
rs72704799,5p15,551342.0,15460,False,REF_ok_palindromic
rs72704802,5p15,554096.0,17468,False,REF_ok
rs28563961,5p15,554383.0,17181,False,REF_ok_palindromic
rs28576812,5p15,554400.0,17164,False,REF_ok
rs4527146,5p15,555121.0,16443,False,REF_ok
rs12522303,5p15,555449.0,16115,False,REF_ok
rs12521988,5p15,556306.0,15258,False,REF_ok
rs146286387,5p15,557982.0,13582,False,REF_ok
rs17497684,5p15,558192.0,13372,False,REF_ok
rs72706606,5p15,558494.0,13070,False,REF_ok
rs12519763,5p15,559030.0,12534,False,REF_ok
rs72706608,5p15,559088.0,12476,False,REF_ok
rs12521051,5p15,560325.0,11239,False,REF_ok
rs17563576,5p15,560361.0,11203,False,REF_ok
rs6555357,5p15,560808.0,10756,False,REF_ok
rs72706610,5p15,560996.0,10568,False,REF_ok
rs72706611,5p15,561031.0,10533,False,REF_ok
rs72706612,5p15,561083.0,10481,False,REF_ok
rs61264151,5p15,561968.0,9596,False,REF_ok
rs76788709,5p15,562054.0,9510,False,REF_ok
rs79492741,5p15,562570.0,8994,False,REF_ok
rs55647623,5p15,567632.0,3932,False,REF_ok
rs56294732,5p15,568029.0,3535,False,REF_ok
rs11948381,5p15,568298.0,3266,False,REF_ok_palindromic
rs11960158,5p15,568550.0,3014,False,REF_ok
rs11960159,5p15,568570.0,2994,False,REF_ok
rs11960196,5p15,568742.0,2822,False,REF_ok
rs4957057,5p15,569115.0,2449,False,REF_ok_palindromic
rs4957056,5p15,569990.0,1574,False,REF_ok
rs72703026,5p15,572268.0,69,True,REF_ok
rs3915384,5p15,573280.0,943,False,REF_ok
rs4081846,5p15,573904.0,1567,False,REF_ok
rs4081847,5p15,573957.0,1620,False,REF_ok
rs55955015,5p15,575067.0,1901,False,REF_ok
rs4957053,5p15,575812.0,1156,False,REF_ok
rs111352378,5p15,576964.0,4,True,REF_ok
rs72703034,5p15,576986.0,18,True,REF_ok
rs7443550,5p15,578289.0,1027,False,REF_ok
rs4245972,5p15,578457.0,1195,False,REF_ok
rs4957050,5p15,578951.0,1689,False,REF_ok
rs4957049,5p15,578965.0,1703,False,REF_ok
rs72703042,5p15,579154.0,1892,False,REF_ok
rs72703044,5p15,579622.0,2360,False,REF_ok
rs72703046,5p15,580014.0,2752,False,REF_ok
rs58015612,5p15,580550.0,3288,False,REF_ok_palindromic
rs56216231,5p15,581078.0,3816,False,REF_ok
rs12519469,5p15,581657.0,4395,False,REF_ok
rs11955068,5p15,582209.0,4592,False,REF_ok
rs56368535,5p15,582247.0,4554,False,REF_ok
rs56278696,5p15,582554.0,4247,False,REF_ok
rs72703050,5p15,582802.0,3999,False,REF_ok
rs72703051,5p15,582882.0,3919,False,REF_ok
rs56350081,5p15,583083.0,3718,False,REF_ok
rs56410216,5p15,583101.0,3700,False,REF_ok
rs4957048,5p15,583327.0,3474,False,REF_ok
rs72703058,5p15,584404.0,2397,False,REF_ok
rs57221529,5p15,586509.0,292,True,REF_ok
rs12522140,5p15,587146.0,255,True,REF_ok
rs12518859,5p15,587317.0,426,True,REF_ok
rs72703064,5p15,587710.0,819,False,REF_ok
rs72703065,5p15,588008.0,1117,False,REF_ok
rs1399381,5p15,589738.0,2847,False,REF_ok
rs72703070,5p15,590343.0,3452,False,REF_ok
rs72703072,5p15,590511.0,3620,False,REF_ok
rs12521091,5p15,590595.0,3704,False,REF_ok
rs12522724,5p15,590627.0,3736,False,REF_ok
rs56328416,5p15,591023.0,4132,False,REF_ok
rs72703075,5p15,592704.0,5656,False,REF_ok
rs111707179,5p15,593193.0,5167,False,REF_ok_palindromic
rs11739663,5p15,593968.0,4392,False,REF_ok
rs72703078,5p15,594872.0,3488,False,REF_ok
rs72703079,5p15,595058.0,3302,False,REF_ok
rs149970499,5p15,595094.0,3266,False,REF_ok
rs138707310,5p15,595107.0,3253,False,REF_ok
rs72703080,5p15,595123.0,3237,False,REF_ok
rs72703083,5p15,595250.0,3110,False,REF_ok
rs10053310,5p15,595546.0,2814,False,REF_ok_palindromic
rs55929359,5p15,595841.0,2519,False,REF_ok_palindromic
rs58599998,5p15,595972.0,2388,False,REF_ok
rs56282020,5p15,596586.0,1774,False,REF_ok
rs6887972,5p15,597159.0,1201,False,REF_ok_palindromic
rs61580655,5p15,597449.0,911,False,REF_ok
rs57306627,5p15,597528.0,832,False,REF_ok
rs60068988,5p15,597553.0,807,False,REF_ok
rs72703087,5p15,597914.0,446,True,REF_ok
rs72703090,5p15,598199.0,161,True,REF_ok
rs11750321,5p15,599081.0,593,False,REF_ok
rs72703092,5p15,599154.0,666,False,REF_ok
rs6883536,5p15,599159.0,671,False,REF_ok
rs10474792,5p15,599943.0,1455,False,REF_ok
rs3749615,5p15,601370.0,189,True,REF_ok
rs72703095,5p15,601674.0,115,True,REF_ok
rs3749618,5p15,602535.0,85,True,REF_ok
rs56221686,5p15,608591.0,174,True,REF_ok
rs11739847,5p15,609546.0,189,True,REF_ok
rs72703100,5p15,614176.0,392,True,REF_ok
rs72705014,5p15,619700.0,369,True,REF_ok_palindromic
rs72705017,5p15,623618.0,853,False,REF_ok
rs12517345,5p15,628179.0,3600,False,REF_ok
rs11739866,5p15,636184.0,600,False,REF_ok
rs11134148,5p15,636992.0,525,False,REF_ok
rs11134149,5p15,637162.0,355,True,REF_ok
rs12522955,5p15,639116.0,27,True,REF_ok
rs56325086,5p15,640613.0,9,True,REF_ok
rs144823843,5p15,642178.0,1491,False,REF_ok
rs3792720,5p15,642913.0,756,False,REF_ok
rs4957080,5p15,644437.0,12,True,REF_ok
rs12517638,5p15,645369.0,944,False,REF_ok
rs72705030,5p15,645447.0,1022,False,REF_ok
rs4957081,5p15,646303.0,1502,False,REF_ok_palindromic
rs149652737,5p15,648697.0,781,False,REF_ok
rs12520424,5p15,654824.0,631,False,REF_ok
rs72705097,5p15,654952.0,503,False,REF_ok
rs113896354,5p15,655323.0,132,True,REF_ok
rs12520279,5p15,657176.0,83,True,REF_ok
rs4957082,5p15,658045.0,805,False,REF_ok
rs4956963,5p15,658760.0,90,True,REF_ok_palindromic
rs4957083,5p15,659228.0,14,True,REF_ok
rs72705102,5p15,659322.0,7,True,REF_ok
rs7558,5p15,660376.0,514,False,REF_ok
rs7434,5p15,660689.0,827,False,REF_ok
rs72707007,5p15,661741.0,397,True,REF_ok
rs11738281,5p15,662432.0,294,True,REF_ok
rs3762951,5p15,662498.0,360,True,REF_ok_palindromic
rs28364691,5p15,663969.0,397,True,REF_ok
rs72707016,5p15,665033.0,147,True,REF_ok
rs61731455,5p15,665180.0,0,True,REF_ok
rs74553517,5p15,665556.0,231,True,REF_ok
rs11750269,5p15,666155.0,32,True,REF_ok
rs72707023,5p15,667505.0,195,True,REF_ok
rs72707024,5p15,667800.0,97,True,REF_ok
rs76677870,5p15,668255.0,552,False,REF_ok_palindromic
rs11749927,5p15,668727.0,1024,False,REF_ok
rs77015126,5p15,670794.0,3091,False,REF_ok
rs72707027,5p15,671179.0,3476,False,REF_ok_palindromic
rs12515813,5p15,671711.0,4008,False,REF_ok_palindromic
rs11740553,5p15,672478.0,3348,False,REF_ok
rs11742854,5p15,674026.0,1800,False,REF_ok
rs558995127,5p15,675470.0,356,True,REF_ok
rs146511596,5p15,675471.0,355,True,REF_ok
rs12516318,5p15,676308.0,308,True,REF_ok
rs12519390,5p15,676431.0,185,True,REF_ok
rs12516404,5p15,676653.0,37,True,REF_ok
rs72707041,5p15,677037.0,421,True,REF_ok
rs72707043,5p15,677085.0,469,True,REF_ok
rs72707044,5p15,677124.0,508,False,REF_ok
rs112529024,5p15,679890.0,294,True,REF_ok
rs56060145,5p15,681164.0,869,False,REF_ok_palindromic
rs113948530,5p15,681861.0,172,True,REF_ok
rs72707053,5p15,684368.0,2251,False,REF_ok
rs55651840,5p15,684733.0,2616,False,REF_ok
rs55660354,5p15,684773.0,2656,False,REF_ok
rs11745112,5p15,685734.0,3617,False,REF_ok
rs35696919,5p15,686129.0,4012,False,REF_ok
rs9268954,6p21,32466234.0,5526,False,REF_ok
rs9268960,6p21,32466353.0,5645,False,REF_ok
rs9268961,6p21,32466358.0,5650,False,REF_ok
rs9391874,6p21,32468903.0,4123,False,REF_ok
rs9391785,6p21,32468910.0,4116,False,REF_ok_palindromic
rs28789995,6p21,32468956.0,4070,False,REF_ok
rs28366347,6p21,32597131.0,7283,False,REF_ok
rs28366350,6p21,32597141.0,7293,False,REF_ok_palindromic
rs28366351,6p21,32597213.0,7365,False,REF_ok
rs28366352,6p21,32597216.0,7368,False,REF_ok
rs28366353,6p21,32597227.0,7379,False,REF_ok
rs28366354,6p21,32597267.0,7419,False,REF_ok
rs28366355,6p21,32597279.0,7431,False,REF_ok
rs28366356,6p21,32597314.0,7424,False,REF_ok
rs28366357,6p21,32597361.0,7377,False,REF_ok
rs28366358,6p21,32597387.0,7351,False,REF_ok
rs28366359,6p21,32597392.0,7346,False,REF_ok
rs28366360,6p21,32597399.0,7339,False,REF_ok_palindromic
rs28366361,6p21,32597420.0,7318,False,REF_ok
rs28366362,6p21,32597436.0,7302,False,REF_ok
rs28366364,6p21,32597755.0,6983,False,REF_ok_palindromic
rs28366365,6p21,32597783.0,6955,False,REF_ok_palindromic
rs28366367,6p21,32597794.0,6944,False,REF_ok_palindromic
rs28383168,6p21,32597811.0,6927,False,REF_ok
rs28383170,6p21,32597945.0,6793,False,REF_ok
rs28383171,6p21,32597958.0,6780,False,REF_ok
rs28383174,6p21,32598511.0,6227,False,REF_ok
rs2858874,6p21,32598935.0,5803,False,REF_ok
rs1472975,11p13,34755096.0,376,True,REF_ok
rs10768093,11p13,34756012.0,1292,False,REF_ok
rs11032839,11p13,34756178.0,1458,False,REF_ok
rs11032840,11p13,34757917.0,3197,False,REF_ok
rs906902,11p13,34758731.0,4011,False,REF_ok
rs10466455,11p13,34759389.0,4669,False,REF_ok
rs11032842,11p13,34761114.0,6394,False,REF_ok
rs11032843,11p13,34761148.0,6428,False,REF_ok
rs3980642,11p13,34761228.0,6508,False,REF_ok
rs3980643,11p13,34761411.0,6691,False,REF_ok
rs4378355,11p13,34761870.0,7150,False,REF_ok_palindromic
rs9704449,11p13,34762046.0,7326,False,REF_ok
rs11032845,11p13,34762594.0,7874,False,REF_ok
rs11032846,11p13,34763345.0,8625,False,REF_ok
rs11032847,11p13,34763742.0,9022,False,REF_ok_palindromic
rs11032848,11p13,34763853.0,9133,False,REF_ok
rs10836295,11p13,34763924.0,9204,False,REF_ok
rs11032849,11p13,34764193.0,9473,False,REF_ok
rs11032850,11p13,34764378.0,9658,False,REF_ok
rs11032851,11p13,34764433.0,9713,False,REF_ok
rs10836296,11p13,34764508.0,9788,False,REF_ok
rs7107626,11p13,34764830.0,10110,False,REF_ok
rs7122506,11p13,34765306.0,10586,False,REF_ok
rs1605880,11p13,34766156.0,11436,False,REF_ok
rs11032852,11p13,34766761.0,12041,False,REF_ok
rs10836300,11p13,34767167.0,12447,False,REF_ok_palindromic
rs7112043,11p13,34767839.0,13119,False,REF_ok_palindromic
rs1113588,11p13,34768486.0,13766,False,REF_ok
rs11499809,11p13,34769196.0,14476,False,REF_ok
rs1509668,11p13,34769615.0,14895,False,REF_ok_palindromic
rs1509667,11p13,34769756.0,15036,False,REF_ok
rs10836302,11p13,34770350.0,15630,False,REF_ok
rs7124685,11p13,34770552.0,15832,False,REF_ok
rs10768094,11p13,34770642.0,15922,False,REF_ok
rs7124826,11p13,34770690.0,15970,False,REF_ok
rs10836303,11p13,34771155.0,16435,False,REF_ok
rs10768097,11p13,34771355.0,16635,False,REF_ok
rs1509666,11p13,34771903.0,17183,False,REF_ok
rs10836304,11p13,34772477.0,17757,False,REF_ok
rs1396889,11p13,34772751.0,18031,False,REF_ok
rs1396888,11p13,34772885.0,18165,False,REF_ok_palindromic
rs2421740,11p13,34775207.0,20487,False,REF_ok
rs2136509,11p13,34775257.0,20537,False,REF_ok
rs2136508,11p13,34775299.0,20579,False,REF_ok
rs10768099,11p13,34775787.0,21067,False,REF_ok
rs7116210,11p13,34775808.0,21088,False,REF_ok
rs10836306,11p13,34776415.0,21695,False,REF_ok
rs12280698,11p13,34776874.0,22154,False,REF_ok
rs12286940,11p13,34777063.0,22343,False,REF_ok
rs7942593,11p13,34777247.0,22527,False,REF_ok_palindromic
rs7942701,11p13,34777336.0,22616,False,REF_ok
rs10768100,11p13,34777388.0,22668,False,REF_ok
rs11032860,11p13,34777798.0,23078,False,REF_ok
rs7933927,11p13,34778252.0,23532,False,REF_ok
rs10836307,11p13,34778681.0,23961,False,REF_ok
rs1588355,11p13,34779554.0,24834,False,REF_ok
rs11032865,11p13,34781620.0,26900,False,REF_ok
rs11032866,11p13,34781885.0,27165,False,REF_ok
rs11032868,11p13,34782147.0,27427,False,REF_ok
rs1396885,11p13,34783663.0,28943,False,REF_ok
rs11032870,11p13,34783977.0,29257,False,REF_ok_palindromic
rs7929679,11p13,34784302.0,29582,False,REF_ok
rs11032872,11p13,34784645.0,29925,False,REF_ok
rs1588354,11p13,34786939.0,32219,False,REF_ok_palindromic
rs10836310,11p13,34787373.0,32653,False,REF_ok
rs10836311,11p13,34787619.0,32899,False,REF_ok
rs10742325,11p13,34788079.0,33359,False,REF_ok
rs10742326,11p13,34788463.0,33743,False,REF_ok
rs10836312,11p13,34788896.0,34176,False,REF_ok
rs10501135,11p13,34789633.0,34913,False,REF_ok
rs72920721,11p13,34793730.0,30825,False,REF_ok
rs7946699,11p13,34798522.0,26033,False,REF_ok_palindromic
rs7946980,11p13,34798891.0,25664,False,REF_ok
rs546521,11p13,34803226.0,21329,False,REF_ok_palindromic
rs496558,11p13,34804878.0,19677,False,REF_ok
rs552627,11p13,34805133.0,19422,False,REF_ok
rs558967,11p13,34805621.0,18934,False,REF_ok_palindromic
rs553789,11p13,34806032.0,18523,False,REF_ok
rs485845,11p13,34808842.0,15713,False,REF_ok
rs552868,11p13,34809147.0,15408,False,REF_ok
rs552171,11p13,34809162.0,15393,False,REF_ok
rs550313,11p13,34809372.0,15183,False,REF_ok
rs572690,11p13,34812067.0,12488,False,REF_ok
rs537873,11p13,34813574.0,10981,False,REF_ok
rs498798,11p13,34814015.0,10540,False,REF_ok
rs1097517;rs74428797,11p13,34814164.0,10391,False,unknown
rs499183,11p13,34815131.0,9424,False,REF_ok
rs516228,11p13,34817276.0,7279,False,REF_ok
rs578002,11p13,34818066.0,6489,False,REF_ok
rs483976,11p13,34818620.0,5935,False,REF_ok_palindromic
rs537364,11p13,34819848.0,4707,False,REF_ok
rs539044,11p13,34819995.0,4560,False,REF_ok
rs512013,11p13,34820678.0,3877,False,REF_ok
rs568529,11p13,34820959.0,3596,False,REF_ok
rs2956073,11p13,34821336.0,3219,False,REF_ok
rs508062,11p13,34822273.0,2282,False,REF_ok_palindromic
rs523246,11p13,34823464.0,1091,False,REF_ok_palindromic
rs547504,11p13,34825678.0,107,True,REF_ok
rs483769,11p13,34828026.0,2161,False,REF_ok
rs2915186,11p13,34829636.0,3771,False,REF_ok
rs546131,11p13,34830213.0,4348,False,REF_ok_palindromic
rs473885,11p13,34830414.0,4549,False,REF_ok
rs473848,11p13,34830430.0,4565,False,REF_ok
rs836950,11p13,34830473.0,4608,False,REF_ok_palindromic
rs530887374;rs548967,11p13,34830547.0,4682,False,unknown
rs561477,11p13,34830605.0,4740,False,REF_ok
rs566798,11p13,34830730.0,4865,False,REF_ok
rs579926,11p13,34831608.0,5743,False,REF_ok
rs535719,11p13,34831835.0,5970,False,REF_ok
rs502857,11p13,34833115.0,7250,False,REF_ok
rs744841,11p13,34836120.0,10255,False,REF_ok
rs5194,Xq23,116173577.0,147,True,REF_ok
rs11091046,Xq23,116173873.0,443,True,REF_ok
rs6608589,Xq23,116174991.0,17,True,REF_ok
rs6608590,Xq23,116175201.0,227,True,REF_ok
rs1546754,Xq23,116176496.0,1522,False,REF_ok
rs12238901,Xq23,116177475.0,2501,False,REF_ok
rs5950476,Xq23,116178744.0,3770,False,REF_ok
rs2139086,Xq23,116179758.0,4784,False,REF_ok
rs12689061,Xq23,116182141.0,7167,False,REF_ok
rs2090560,Xq23,116182559.0,7585,False,REF_ok
rs5950589,Xq23,116184631.0,9657,False,REF_ok
rs6608595,Xq23,116185217.0,10243,False,REF_ok
rs5950591,Xq23,116185564.0,10590,False,REF_ok
rs5950592,Xq23,116185585.0,10611,False,REF_ok
rs5950593,Xq23,116185630.0,10656,False,REF_ok
rs4353005,Xq23,116185771.0,10797,False,REF_ok_palindromic
rs376851278,Xq23,116187216.0,12242,False,REF_ok
rs5905279,Xq23,116189336.0,14362,False,REF_ok
rs5952209,Xq23,116193114.0,18140,False,ALT_as_hg38ref
rs5905219,Xq23,116193790.0,18816,False,ALT_as_hg38ref_palindromic
rs5905220,Xq23,116193976.0,19002,False,ALT_as_hg38ref
rs5905221,Xq23,116194351.0,19377,False,ALT_as_hg38ref_palindromic
rs12858227,Xq23,116195873.0,20899,False,ALT_as_hg38ref
rs5905227,Xq23,116197081.0,22107,False,REF_ok
rs4332258,Xq23,116197621.0,22647,False,REF_ok
rs4421478,Xq23,116198000.0,23026,False,REF_ok
rs5952129,Xq23,116198226.0,23252,False,REF_ok
rs5952131,Xq23,116198423.0,23449,False,REF_ok
rs5952079,Xq23,116198526.0,23552,False,REF_ok
rs5952132,Xq23,116198889.0,23915,False,REF_ok_palindromic
rs5905246,Xq23,116200033.0,25059,False,REF_ok
rs5952137,Xq23,116200519.0,25545,False,REF_ok
rs5905161,Xq23,116202374.0,27400,False,REF_ok
rs7882396,Xq23,116202913.0,27939,False,REF_ok
rs5905171,Xq23,116206278.0,31304,False,REF_ok
rs5905280,Xq23,116206537.0,31563,False,REF_ok
rs5952157,Xq23,116207070.0,32096,False,REF_ok_palindromic
rs5952161,Xq23,116207951.0,32977,False,REF_ok
rs4529578,Xq23,116208500.0,33526,False,REF_ok
rs5905282,Xq23,116209043.0,34069,False,REF_ok
rs5905174,Xq23,116209914.0,34940,False,REF_ok
rs5905175,Xq23,116209923.0,34949,False,REF_ok
rs5952096,Xq23,116210719.0,35745,False,REF_ok
rs5952170,Xq23,116210734.0,35760,False,REF_ok
rs4468049,Xq23,116211666.0,36692,False,REF_ok_palindromic
rs7061667,Xq23,116212622.0,37648,False,REF_ok
rs5905286,Xq23,116213611.0,38637,False,REF_ok
rs7052050,Xq23,116214416.0,39442,False,REF_ok_palindromic
rs5952176,Xq23,116214592.0,39618,False,REF_ok
rs5905293,Xq23,116216355.0,41381,False,REF_ok_palindromic
rs7879546,Xq23,116217020.0,42046,False,REF_ok
rs12556757,Xq23,116217035.0,42061,False,REF_ok
rs12559259,Xq23,116217066.0,42092,False,REF_ok
rs12559834,Xq23,116217159.0,42185,False,REF_ok
rs7052638,Xq23,116217348.0,42374,False,REF_ok
rs5905295,Xq23,116217573.0,42599,False,REF_ok
rs5905296,Xq23,116217689.0,42715,False,REF_ok
rs5905182,Xq23,116217843.0,42869,False,REF_ok
rs5905187,Xq23,116219391.0,44417,False,REF_ok
rs4430200,Xq23,116220085.0,45111,False,REF_ok
rs4434739,Xq23,116220636.0,45662,False,REF_ok
rs4824367,Xq23,116220647.0,45673,False,REF_ok
rs5905340,Xq23,116222048.0,47074,False,REF_ok
rs5905344,Xq23,116222306.0,47332,False,REF_ok
rs5905345,Xq23,116222325.0,47351,False,REF_ok
rs7060450,Xq23,116222536.0,47562,False,REF_ok
rs5905212,Xq23,116222613.0,47639,False,REF_ok_palindromic
rs5952196,Xq23,116224153.0,49179,False,REF_ok
rs5952197,Xq23,116224201.0,49227,False,REF_ok_palindromic
rs5952198,Xq23,116224292.0,49318,False,REF_ok
rs5952199,Xq23,116224396.0,49422,False,REF_ok
rs11796365,Xq23,116224450.0,49476,False,REF_ok
rs5905350,Xq23,116225152.0,50178,False,REF_ok
rs5905353,Xq23,116226190.0,51216,False,REF_ok
rs4824370,Xq23,116226226.0,51252,False,REF_ok
rs4824371,Xq23,116226607.0,51633,False,REF_ok
rs4824372,Xq23,116226718.0,51744,False,REF_ok_palindromic
rs5905355,Xq23,116226856.0,51882,False,REF_ok
rs10854906,Xq23,116228156.0,53182,False,REF_ok
rs5905214,Xq23,116228498.0,53524,False,REF_ok
rs4824328,Xq23,116229220.0,54246,False,REF_ok
rs4824373,Xq23,116229229.0,54255,False,REF_ok
rs4824375,Xq23,116229345.0,54371,False,REF_ok_palindromic
rs4824330,Xq23,116229787.0,54813,False,REF_ok
rs12009976,Xq23,116230240.0,55266,False,REF_ok
rs4446858,Xq23,116230553.0,55579,False,REF_ok
rs4427295,Xq23,116231594.0,56620,False,REF_ok
rs5952206,Xq23,116232733.0,57759,False,REF_ok
rs6520193,Xq23,116234232.0,59258,False,REF_ok
rs5952207,Xq23,116237330.0,62356,False,REF_ok
rs4824377,Xq23,116240615.0,65641,False,REF_ok
rs5905364,Xq23,116241774.0,66800,False,REF_ok
rs5905365,Xq23,116242016.0,67042,False,REF_ok
rs5905366,Xq23,116243102.0,68128,False,REF_ok
rs5905367,Xq23,116243643.0,68669,False,REF_ok
rs5905217,Xq23,116243691.0,68717,False,REF_ok
rs5905368,Xq23,116243845.0,68871,False,REF_ok
rs4824331,Xq23,116244096.0,69122,False,REF_ok
rs4824332,Xq23,116245244.0,70270,False,REF_ok_palindromic
rs4824333,Xq23,116245301.0,70327,False,REF_ok_palindromic
rs5952210,Xq23,116245929.0,70955,False,REF_ok
rs5905370,Xq23,116246456.0,71482,False,REF_ok
rs5905372,Xq23,116246879.0,71905,False,REF_ok
rs5952211,Xq23,116247410.0,72436,False,REF_ok
rs5952212,Xq23,116247619.0,72645,False,REF_ok
rs62604701,Xq23,116248054.0,73080,False,REF_ok
rs12401005,Xq23,116248115.0,73141,False,REF_ok
rs5952213,Xq23,116248236.0,73262,False,REF_ok_palindromic
rs5952214,Xq23,116248788.0,73814,False,REF_ok
rs62604705,Xq23,116249117.0,74143,False,REF_ok
rs4824379,Xq23,116250530.0,75556,False,REF_ok
rs4824381,Xq23,116250579.0,75605,False,REF_ok
rs5952216,Xq23,116250974.0,76000,False,REF_ok
rs5952217,Xq23,116251002.0,76028,False,REF_ok_palindromic
rs5952218,Xq23,116251003.0,76029,False,REF_ok
rs5905376,Xq23,116251943.0,76969,False,REF_ok
rs2145205,Xq23,116252686.0,77712,False,REF_ok
rs2145206,Xq23,116252716.0,77742,False,REF_ok
rs4549898,Xq23,116252853.0,77879,False,REF_ok_palindromic
rs5952220,Xq23,116252878.0,77904,False,REF_ok
rs11091063,Xq23,116253133.0,78159,False,REF_ok
rs11091064,Xq23,116253163.0,78189,False,REF_ok
rs11091065,Xq23,116253201.0,78227,False,REF_ok_palindromic
rs9697975,Xq23,116253264.0,78290,False,REF_ok
rs5952118,Xq23,116253922.0,78948,False,REF_ok
rs4824382,Xq23,116254911.0,79937,False,REF_ok
rs4824384,Xq23,116255090.0,80116,False,REF_ok
rs4824385,Xq23,116255094.0,80120,False,REF_ok
rs5952223,Xq23,116255308.0,80334,False,REF_ok
rs5952224,Xq23,116255581.0,80607,False,REF_ok
rs5952225,Xq23,116255647.0,80673,False,REF_ok
rs5952226,Xq23,116255668.0,80694,False,REF_ok
rs5952227,Xq23,116255866.0,80892,False,REF_ok
rs62604733,Xq23,116256442.0,81468,False,REF_ok
rs5905379,Xq23,116256898.0,81924,False,REF_ok
rs5905380,Xq23,116256942.0,81968,False,REF_ok
rs5905381,Xq23,116257049.0,82075,False,REF_ok
rs5905382,Xq23,116257204.0,82230,False,REF_ok
rs5905383,Xq23,116257213.0,82239,False,REF_ok
rs7888795,Xq23,116257413.0,82439,False,REF_ok
rs5905385,Xq23,116257466.0,82492,False,REF_ok
rs5905386,Xq23,116257563.0,82589,False,REF_ok
rs5905387,Xq23,116257663.0,82689,False,REF_ok
rs9699117,Xq23,116258801.0,83827,False,REF_ok
rs5905222,Xq23,116259644.0,84670,False,REF_ok
rs78102172,Xq23,116260123.0,85149,False,REF_ok
rs78504957,Xq23,116260605.0,85631,False,REF_ok
rs5952228,Xq23,116260681.0,85707,False,REF_ok_palindromic
rs5952229,Xq23,116260759.0,85785,False,REF_ok
rs5952230,Xq23,116261273.0,86299,False,REF_ok
rs5905388,Xq23,116261508.0,86534,False,REF_ok
rs56066642,Xq23,116261638.0,86664,False,REF_ok
rs62604736,Xq23,116262606.0,87632,False,REF_ok_palindromic
rs10156970,Xq23,116263552.0,88578,False,REF_ok
rs55837284,Xq23,116263762.0,88788,False,REF_ok
rs4824335,Xq23,116264320.0,89346,False,REF_ok
rs4269663,Xq23,116268227.0,93253,False,REF_ok
rs4824387,Xq23,116268328.0,93354,False,REF_ok
rs977403,Xq23,116268921.0,93947,False,REF_ok
rs5952232,Xq23,116269649.0,94675,False,REF_ok
rs5952233,Xq23,116269814.0,94840,False,REF_ok
rs5952120,Xq23,116270273.0,95299,False,REF_ok
rs5952235,Xq23,116271258.0,96284,False,REF_ok
rs5952237,Xq23,116271400.0,96426,False,REF_ok_palindromic
rs4824389,Xq23,116273555.0,98581,False,REF_ok
rs4824336,Xq23,116273884.0,98910,False,ALT_as_hg38ref
rs5905224,Xq23,116274102.0,99128,False,REF_ok
rs2311430,Xq23,116274840.0,99866,False,REF_ok
rs5905393,Xq23,116276045.0,101071,False,REF_ok_palindromic
rs12556525,Xq23,116278447.0,103473,False,REF_ok
rs5905394,Xq23,116280774.0,105800,False,REF_ok
rs5905395,Xq23,116281467.0,106493,False,REF_ok_palindromic
rs5905396,Xq23,116282300.0,107326,False,REF_ok_palindromic
rs5905225,Xq23,116283093.0,108119,False,REF_ok
rs5905397,Xq23,116283265.0,108291,False,REF_ok
rs187769298,Xq23,116283665.0,108691,False,REF_ok
rs12390313,Xq23,116283810.0,108836,False,REF_ok
rs5952241,Xq23,116284513.0,109539,False,REF_ok
rs5952242,Xq23,116284894.0,109920,False,REF_ok
rs5952122,Xq23,116286195.0,111221,False,REF_ok
rs12156947,Xq23,116286478.0,111504,False,REF_ok
rs5952140,Xq23,116333848.0,102758,False,ALT_as_hg38ref_palindromic
rs5952238,Xq23,116196087.0,21113,False,ALT_as_hg38ref
rs5952239,Xq23,116196134.0,21160,False,ALT_as_hg38ref
