ctrl_key,locus,SNP,chrom_hg38,a_pos,api_ref,api_alt,orientation_b1,tissue_lung,dist_to_nearest_gene,atac_l2d_raw_lung,run_date_utc,ag_version
ctrl_3q29_rs13324903,3q29,rs13324903,chr3,195365918.0,C,T,REF_ok,UBERON:0002048,354950.0,0.04733924940228462,2026-08-04T15:46:55Z,0.6.1
ctrl_3q29_rs74709279,3q29,rs74709279,chr3,195961852.0,G,A,REF_ok,UBERON:0002048,149879.0,0.09598743170499802,2026-08-04T15:46:55Z,0.6.1
ctrl_3q29_rs58385329,3q29,rs58385329,chr3,196643212.0,G,A,REF_ok,UBERON:0002048,831239.0,0.3015403747558594,2026-08-04T15:46:55Z,0.6.1
ctrl_3q29_rs56379930,3q29,rs56379930,chr3,194800076.0,C,T,REF_ok,UBERON:0002048,920792.0,0.1200077086687088,2026-08-04T15:46:55Z,0.6.1
ctrl_3q29_rs35264519,3q29,rs35264519,chr3,195065244.0,C,T,REF_ok,UBERON:0002048,655624.0,0.17403535544872284,2026-08-04T15:46:55Z,0.6.1
ctrl_3q29_rs77447041,3q29,rs77447041,chr3,194888291.0,A,G,REF_ok,UBERON:0002048,832577.0,0.08669254183769226,2026-08-04T15:46:55Z,0.6.1
ctrl_3q29_rs112612225,3q29,rs112612225,chr3,195103361.0,C,T,REF_ok,UBERON:0002048,617507.0,0.09118706732988358,2026-08-04T15:46:55Z,0.6.1
ctrl_3q29_rs561275855,3q29,rs561275855,chr3,195150838.0,A,T,REF_ok_palindromic,UBERON:0002048,570030.0,0.4217536151409149,2026-08-04T15:46:55Z,0.6.1
ctrl_3q29_rs56301827,3q29,rs56301827,chr3,195040347.0,T,G,REF_ok,UBERON:0002048,680521.0,0.183958500623703,2026-08-04T15:46:55Z,0.6.1
ctrl_3q29_rs6583318,3q29,rs6583318,chr3,196538022.0,T,G,REF_ok,UBERON:0002048,726049.0,0.09628496319055557,2026-08-04T15:46:55Z,0.6.1
ctrl_3q29_rs35812615,3q29,rs35812615,chr3,196151612.0,G,A,REF_ok,UBERON:0002048,339639.0,0.12041133642196655,2026-08-04T15:46:55Z,0.6.1
ctrl_3q29_rs116528491,3q29,rs116528491,chr3,196195154.0,C,T,REF_ok,UBERON:0002048,383181.0,0.10065168887376785,2026-08-04T15:46:55Z,0.6.1
ctrl_3q29_rs60651878,3q29,rs60651878,chr3,194991748.0,G,A,REF_ok,UBERON:0002048,729120.0,0.16130362451076508,2026-08-04T15:46:55Z,0.6.1
ctrl_3q29_rs79649536,3q29,rs79649536,chr3,196208101.0,A,G,REF_ok,UBERON:0002048,396128.0,0.8516237139701843,2026-08-04T15:46:55Z,0.6.1
ctrl_3q29_rs9886989,3q29,rs9886989,chr3,195567882.0,G,T,REF_ok,UBERON:0002048,152986.0,0.12969322502613068,2026-08-04T15:46:55Z,0.6.1
ctrl_3q29_rs149604430,3q29,rs149604430,chr3,196111361.0,G,C,REF_ok_palindromic,UBERON:0002048,299388.0,0.05450519546866417,2026-08-04T15:46:55Z,0.6.1
ctrl_3q29_rs9840670,3q29,rs9840670,chr3,195922098.0,G,A,REF_ok,UBERON:0002048,110125.0,0.10880297422409058,2026-08-04T15:46:55Z,0.6.1
ctrl_3q29_rs79085232,3q29,rs79085232,chr3,194867085.0,G,C,REF_ok_palindromic,UBERON:0002048,853783.0,0.2854449152946472,2026-08-04T15:46:55Z,0.6.1
ctrl_3q29_rs11718045,3q29,rs11718045,chr3,194895053.0,A,G,REF_ok,UBERON:0002048,825815.0,0.05453438684344292,2026-08-04T15:46:55Z,0.6.1
ctrl_3q29_rs147588914,3q29,rs147588914,chr3,195303547.0,A,C,REF_ok,UBERON:0002048,417321.0,0.1146807074546814,2026-08-04T15:46:55Z,0.6.1
ctrl_3q29_rs73891277,3q29,rs73891277,chr3,196514497.0,C,T,REF_ok,UBERON:0002048,702524.0,0.042535003274679184,2026-08-04T15:46:55Z,0.6.1
ctrl_3q29_rs62410656,3q29,rs62410656,chr3,196677077.0,A,C,REF_ok,UBERON:0002048,865104.0,0.10873319953680038,2026-08-04T15:46:55Z,0.6.1
ctrl_3q29_rs77350585,3q29,rs77350585,chr3,196103649.0,A,T,REF_ok_palindromic,UBERON:0002048,291676.0,0.14312803745269775,2026-08-04T15:46:55Z,0.6.1
ctrl_3q29_rs4916511,3q29,rs4916511,chr3,196615605.0,G,T,REF_ok,UBERON:0002048,803632.0,0.04080032557249069,2026-08-04T15:46:55Z,0.6.1
